EE00.No,EE00.Yes,variable
No,Yes,flag_two
25262.95,20073.05,Total.area
339.4799,503.2743,Total.SURVEY_LC1_1A
2216.824,3945.786,Total.SURVEY_LC1_1B
14428.78,10802.64,Total.SURVEY_LC1_1C
762.0494,468.1000,Total.SURVEY_LC1_1D
3265.142,4037.877,Total.SURVEY_LC1_1E
331.0438,229.6462,Total.SURVEY_LC1_1F
2255.28765,  28.38618,Total.SURVEY_LC1_1G
1664.34240,  57.34634,Total.SURVEY_LC1_1H
20029.61,18378.02,Total.SURVEY_LU1_1U1
80.903149, 4.003179,Total.SURVEY_LU1_1U2
1467.951,1201.847,Total.SURVEY_LU1_1U3
3684.4809, 489.1762,Total.SURVEY_LU1_1U4
76.06040,24.01907,Total.SURVEY_LC1_2A1
251.4100,445.9981,Total.SURVEY_LC1_2A2
12.00954,33.25718,Total.SURVEY_LC1_2A3
 161.7351,2360.9604,Total.SURVEY_LC1_2B1
 0.00000,50.85428,Total.SURVEY_LC1_2B2
 77.8133,502.4540,Total.SURVEY_LC1_2B3
 13.24128,356.92020,Total.SURVEY_LC1_2B4
  4.003179,640.016713,Total.SURVEY_LC1_2B5
 0.00000,34.58065,Total.SURVEY_LC1_2B7
1960.031,   0.000,Total.SURVEY_LC1_2Bx
2105.910,3967.395,Total.SURVEY_LC1_2C1
5462.303,2851.738,Total.SURVEY_LC1_2C2
6860.567,3983.503,Total.SURVEY_LC1_2C3
420.0017,378.4656,Total.SURVEY_LC1_2D1
342.04776, 89.63438,Total.SURVEY_LC1_2D2
497.9809,337.8637,Total.SURVEY_LC1_2E1
1943.912,3238.214,Total.SURVEY_LC1_2E2
812.6878,461.7991,Total.SURVEY_LC1_2E3
10.56158, 0.00000,Total.SURVEY_LC1_2Ex
16.01272, 0.00000,Total.SURVEY_LC1_2F1
40.26054, 0.00000,Total.SURVEY_LC1_2F2
274.7706,229.6462,Total.SURVEY_LC1_2F4
2130.49176,  22.19945,Total.SURVEY_LC1_2G1
124.795893,  6.186731,Total.SURVEY_LC1_2G2
1526.74855,  57.34634,Total.SURVEY_LC1_2H1
137.5938,  0.0000,Total.SURVEY_LC1_2H2
4195.766,7361.305,Total.SURVEY_LU1_2U11
13988.44,11016.72,Total.SURVEY_LU1_2U12
1483.464,   0.000,Total.SURVEY_LU1_2U13
361.9446,  0.0000,Total.SURVEY_LU1_2U14
21.731542, 4.003179,Total.SURVEY_LU1_2U21
59.17161, 0.00000,Total.SURVEY_LU1_2U22
249.6594,547.7657,Total.SURVEY_LU1_2U31
9.722006,0.000000,Total.SURVEY_LU1_2U32
 4.003179,18.184983,Total.SURVEY_LU1_2U33
14.86895,28.59413,Total.SURVEY_LU1_2U35
851.6297,138.3758,Total.SURVEY_LU1_2U36
338.0674,468.9266,Total.SURVEY_LU1_2U37
46.15645,88.90929,Total.SURVEY_LU1_2U41
3638.3244, 400.2669,Total.SURVEY_LU1_2U42
76.06040,16.01272,Total.SURVEY_LC1_3A11
0.000000,8.006358,Total.SURVEY_LC1_3A12
106.06599, 52.61321,Total.SURVEY_LC1_3A21
145.3440,393.3849,Total.SURVEY_LC1_3A22
12.00954,33.25718,Total.SURVEY_LC1_3A30
  63.14376,1176.50005,Total.SURVEY_LC1_3B11
 37.14893,768.26854,Total.SURVEY_LC1_3B13
  0.0000,131.7161,Total.SURVEY_LC1_3B14
  4.003179,150.398319,Total.SURVEY_LC1_3B15
 44.19799,108.02600,Total.SURVEY_LC1_3B16
0.000000,8.806993,Total.SURVEY_LC1_3B18
13.24128,17.24446,Total.SURVEY_LC1_3B19
 0.00000,27.43437,Total.SURVEY_LC1_3B21
 0.00000,10.17863,Total.SURVEY_LC1_3B22
 0.00000,13.24128,Total.SURVEY_LC1_3B23
 64.57202,491.78765,Total.SURVEY_LC1_3B32
13.24128,10.66636,Total.SURVEY_LC1_3B35
 13.24128,356.92020,Total.SURVEY_LC1_3B41
  4.003179,138.382145,Total.SURVEY_LC1_3B51
 0.00000,40.66437,Total.SURVEY_LC1_3B52
  0.0000,255.5383,Total.SURVEY_LC1_3B53
  0.0000,205.4319,Total.SURVEY_LC1_3B55
 0.00000,16.01272,Total.SURVEY_LC1_3B71
0.000000,4.003179,Total.SURVEY_LC1_3B72
 0.00000,14.56476,Total.SURVEY_LC1_3B75
1883.081,   0.000,Total.SURVEY_LC1_3Bx1
76.94999, 0.00000,Total.SURVEY_LC1_3Bx2
2105.910,3967.395,Total.SURVEY_LC1_3C10
1351.128,1054.914,Total.SURVEY_LC1_3C21
2669.612,1229.749,Total.SURVEY_LC1_3C22
408.6031,567.0750,Total.SURVEY_LC1_3C23
1032.959,   0.000,Total.SURVEY_LC1_3C2x
2107.592,2601.513,Total.SURVEY_LC1_3C31
689.2584,723.3464,Total.SURVEY_LC1_3C32
504.2243,658.6436,Total.SURVEY_LC1_3C33
3559.493,   0.000,Total.SURVEY_LC1_3C3x
420.0017,378.4656,Total.SURVEY_LC1_3D10
342.04776, 89.63438,Total.SURVEY_LC1_3D20
497.9809,337.8637,Total.SURVEY_LC1_3E10
1943.912,3238.214,Total.SURVEY_LC1_3E20
812.6878,461.7991,Total.SURVEY_LC1_3E30
10.56158, 0.00000,Total.SURVEY_LC1_3Exx
16.01272, 0.00000,Total.SURVEY_LC1_3F10
40.26054, 0.00000,Total.SURVEY_LC1_3F20
274.7706,229.6462,Total.SURVEY_LC1_3F40
2125.91670,  22.19945,Total.SURVEY_LC1_3G11
4.575061,0.000000,Total.SURVEY_LC1_3G12
124.795893,  6.186731,Total.SURVEY_LC1_3G21
815.74579, 57.34634,Total.SURVEY_LC1_3H11
711.0028,  0.0000,Total.SURVEY_LC1_3H12
137.5938,  0.0000,Total.SURVEY_LC1_3H21
4076.299,7212.809,Total.SURVEY_LU1_3U111
 31.65111,122.29290,Total.SURVEY_LU1_3U112
87.81576,26.20262,Total.SURVEY_LU1_3U113
13988.44,11016.72,Total.SURVEY_LU1_3U120
1483.464,   0.000,Total.SURVEY_LU1_3U130
361.9446,  0.0000,Total.SURVEY_LU1_3U140
21.731542, 4.003179,Total.SURVEY_LU1_3U210
4.003179,0.000000,Total.SURVEY_LU1_3U223
16.01272, 0.00000,Total.SURVEY_LU1_3U224
20.58778, 0.00000,Total.SURVEY_LU1_3U226
18.56794, 0.00000,Total.SURVEY_LU1_3U227
32.96390,10.52264,Total.SURVEY_LU1_3U311
126.8150,484.1753,Total.SURVEY_LU1_3U312
8.006358,0.000000,Total.SURVEY_LU1_3U314
4.003179,0.000000,Total.SURVEY_LU1_3U316
12.009536, 4.003179,Total.SURVEY_LU1_3U317
23.51868, 0.00000,Total.SURVEY_LU1_3U318
42.34278,49.06460,Total.SURVEY_LU1_3U319
9.722006,0.000000,Total.SURVEY_LU1_3U322
 4.003179,18.184983,Total.SURVEY_LU1_3U330
14.86895,28.59413,Total.SURVEY_LU1_3U350
788.1812,134.3726,Total.SURVEY_LU1_3U361
63.448478, 4.003179,Total.SURVEY_LU1_3U362
338.0674,468.9266,Total.SURVEY_LU1_3U370
 8.006358,46.352597,Total.SURVEY_LU1_3U411
0.000000,8.006358,Total.SURVEY_LU1_3U414
38.15010,34.55034,Total.SURVEY_LU1_3U415
3638.3244, 400.2669,Total.SURVEY_LU1_3U420
24477.69,18981.56,Total.settlement0
 785.2636,1091.4937,Total.settlement1
0.5749123,0.7991116,Total.settl_pc
9494.178,8876.783,Total.fao_class_name0
14457.85,10656.91,Total.fao_class_name1
1245.0994, 405.5922,Total.fao_class_name2
 65.8206,133.7687,Total.fao_class_name3
24058.38,19437.15,Total.lue0
1204.5661, 635.8966,Total.lue1
24556.72,19503.10,Total.lud0
706.2323,569.9539,Total.lud1
544.4155,544.4155,SE.Total.area
29.99668,81.71289,SE.Total.SURVEY_LC1_1A
141.6759,158.1049,SE.Total.SURVEY_LC1_1B
509.4336,508.7961,SE.Total.SURVEY_LC1_1C
145.5907,128.7746,SE.Total.SURVEY_LC1_1D
268.5797,234.0102,SE.Total.SURVEY_LC1_1E
41.69193,73.37260,SE.Total.SURVEY_LC1_1F
46.000492, 4.931155,SE.Total.SURVEY_LC1_1G
71.66040,41.68925,SE.Total.SURVEY_LC1_1H
639.0091,552.4682,SE.Total.SURVEY_LU1_1U1
21.77009, 0.00000,SE.Total.SURVEY_LU1_1U2
335.1280,185.3788,SE.Total.SURVEY_LU1_1U3
193.5110,112.5051,SE.Total.SURVEY_LU1_1U4
29.14919, 0.00000,SE.Total.SURVEY_LC1_2A1
32.46796,80.96896,SE.Total.SURVEY_LC1_2A2
 0.00000,11.06003,SE.Total.SURVEY_LC1_2A3
 36.46917,115.64067,SE.Total.SURVEY_LC1_2B1
 0.00000,19.23273,SE.Total.SURVEY_LC1_2B2
24.88620,60.19672,SE.Total.SURVEY_LC1_2B3
11.06003,99.51623,SE.Total.SURVEY_LC1_2B4
 0.00000,67.55196,SE.Total.SURVEY_LC1_2B5
0.000000,8.322683,SE.Total.SURVEY_LC1_2B7
138.1512,  0.0000,SE.Total.SURVEY_LC1_2Bx
271.4341,369.1579,SE.Total.SURVEY_LC1_2C1
382.1325,308.8965,SE.Total.SURVEY_LC1_2C2
441.9044,371.0382,SE.Total.SURVEY_LC1_2C3
110.9630,121.0292,SE.Total.SURVEY_LC1_2D1
95.46246,44.47268,SE.Total.SURVEY_LC1_2D2
122.2014, 85.8948,SE.Total.SURVEY_LC1_2E1
187.0261,212.9698,SE.Total.SURVEY_LC1_2E2
159.36633, 99.70521,SE.Total.SURVEY_LC1_2E3
8.322683,0.000000,SE.Total.SURVEY_LC1_2Ex
0,0,SE.Total.SURVEY_LC1_2F1
5.120187,0.000000,SE.Total.SURVEY_LC1_2F2
41.53984,73.37260,SE.Total.SURVEY_LC1_2F4
20.668301, 3.675466,SE.Total.SURVEY_LC1_2G1
42.079190, 3.675466,SE.Total.SURVEY_LC1_2G2
73.79257,41.68925,SE.Total.SURVEY_LC1_2H1
33.964, 0.000,SE.Total.SURVEY_LC1_2H2
217.0284,247.9481,SE.Total.SURVEY_LU1_2U11
508.3315,508.8607,SE.Total.SURVEY_LU1_2U12
321.5181,  0.0000,SE.Total.SURVEY_LU1_2U13
76.81184, 0.00000,SE.Total.SURVEY_LU1_2U14
3.13233,0.00000,SE.Total.SURVEY_LU1_2U21
21.54356, 0.00000,SE.Total.SURVEY_LU1_2U22
34.83323,97.41290,SE.Total.SURVEY_LU1_2U31
3.13233,0.00000,SE.Total.SURVEY_LU1_2U32
0.000000,7.928276,SE.Total.SURVEY_LU1_2U33
 3.962119,18.478095,SE.Total.SURVEY_LU1_2U35
328.23572, 62.04291,SE.Total.SURVEY_LU1_2U36
 64.98363,148.72559,SE.Total.SURVEY_LU1_2U37
10.75469,46.37651,SE.Total.SURVEY_LU1_2U41
193.3573,104.6777,SE.Total.SURVEY_LU1_2U42
29.14919, 0.00000,SE.Total.SURVEY_LC1_3A11
0,0,SE.Total.SURVEY_LC1_3A12
27.48486,18.47810,SE.Total.SURVEY_LC1_3A21
27.71993,78.83231,SE.Total.SURVEY_LC1_3A22
 0.00000,11.06003,SE.Total.SURVEY_LC1_3A30
23.41476,90.32143,SE.Total.SURVEY_LC1_3B11
17.75021,73.53059,SE.Total.SURVEY_LC1_3B13
 0.00000,30.75918,SE.Total.SURVEY_LC1_3B14
 0.00000,30.82592,SE.Total.SURVEY_LC1_3B15
19.16059,27.35736,SE.Total.SURVEY_LC1_3B16
0.000000,1.961149,SE.Total.SURVEY_LC1_3B18
11.06003,11.06003,SE.Total.SURVEY_LC1_3B19
 0.00000,13.61494,SE.Total.SURVEY_LC1_3B21
0.000000,7.928276,SE.Total.SURVEY_LC1_3B22
 0.00000,11.06003,SE.Total.SURVEY_LC1_3B23
22.33720,59.62715,SE.Total.SURVEY_LC1_3B32
11.060035, 8.430419,SE.Total.SURVEY_LC1_3B35
11.06003,99.51623,SE.Total.SURVEY_LC1_3B41
 0.00000,33.29478,SE.Total.SURVEY_LC1_3B51
 0.0000,17.5173,SE.Total.SURVEY_LC1_3B52
 0.00000,43.43308,SE.Total.SURVEY_LC1_3B53
 0.00000,38.78741,SE.Total.SURVEY_LC1_3B55
0,0,SE.Total.SURVEY_LC1_3B71
0,0,SE.Total.SURVEY_LC1_3B72
0.000000,8.322683,SE.Total.SURVEY_LC1_3B75
126.6496,  0.0000,SE.Total.SURVEY_LC1_3Bx1
55.18718, 0.00000,SE.Total.SURVEY_LC1_3Bx2
271.4341,369.1579,SE.Total.SURVEY_LC1_3C10
220.9727,198.3124,SE.Total.SURVEY_LC1_3C21
266.3731,210.1134,SE.Total.SURVEY_LC1_3C22
123.5856,147.8485,SE.Total.SURVEY_LC1_3C23
186.8851,  0.0000,SE.Total.SURVEY_LC1_3C2x
276.4114,310.9756,SE.Total.SURVEY_LC1_3C31
159.0868,170.9526,SE.Total.SURVEY_LC1_3C32
136.6116,154.3209,SE.Total.SURVEY_LC1_3C33
339.1841,  0.0000,SE.Total.SURVEY_LC1_3C3x
110.9630,121.0292,SE.Total.SURVEY_LC1_3D10
95.46246,44.47268,SE.Total.SURVEY_LC1_3D20
122.2014, 85.8948,SE.Total.SURVEY_LC1_3E10
187.0261,212.9698,SE.Total.SURVEY_LC1_3E20
159.36633, 99.70521,SE.Total.SURVEY_LC1_3E30
8.322683,0.000000,SE.Total.SURVEY_LC1_3Exx
0,0,SE.Total.SURVEY_LC1_3F10
5.120187,0.000000,SE.Total.SURVEY_LC1_3F20
41.53984,73.37260,SE.Total.SURVEY_LC1_3F40
20.626061, 3.675466,SE.Total.SURVEY_LC1_3G11
1.617529,0.000000,SE.Total.SURVEY_LC1_3G12
42.079190, 3.675466,SE.Total.SURVEY_LC1_3G21
83.24954,41.68925,SE.Total.SURVEY_LC1_3H11
72.81858, 0.00000,SE.Total.SURVEY_LC1_3H12
33.964, 0.000,SE.Total.SURVEY_LC1_3H21
213.2266,248.2835,SE.Total.SURVEY_LU1_3U111
12.86973,28.79233,SE.Total.SURVEY_LU1_3U112
55.571050, 7.939914,SE.Total.SURVEY_LU1_3U113
508.3315,508.8607,SE.Total.SURVEY_LU1_3U120
321.5181,  0.0000,SE.Total.SURVEY_LU1_3U130
76.81184, 0.00000,SE.Total.SURVEY_LU1_3U140
3.13233,0.00000,SE.Total.SURVEY_LU1_3U210
0,0,SE.Total.SURVEY_LU1_3U223
7.308771,0.000000,SE.Total.SURVEY_LU1_3U224
18.4781, 0.0000,SE.Total.SURVEY_LU1_3U226
8.322683,0.000000,SE.Total.SURVEY_LU1_3U227
14.984408, 4.050286,SE.Total.SURVEY_LU1_3U311
27.22694,95.73531,SE.Total.SURVEY_LU1_3U312
5.66135,0.00000,SE.Total.SURVEY_LU1_3U314
0,0,SE.Total.SURVEY_LU1_3U316
5.66135,0.00000,SE.Total.SURVEY_LU1_3U317
9.294468,0.000000,SE.Total.SURVEY_LU1_3U318
14.24779,17.57609,SE.Total.SURVEY_LU1_3U319
3.13233,0.00000,SE.Total.SURVEY_LU1_3U322
0.000000,7.928276,SE.Total.SURVEY_LU1_3U330
 3.962119,18.478095,SE.Total.SURVEY_LU1_3U350
325.33921, 62.04291,SE.Total.SURVEY_LU1_3U361
44.79844, 0.00000,SE.Total.SURVEY_LU1_3U362
 64.98363,148.72559,SE.Total.SURVEY_LU1_3U370
 0.00000,44.30582,SE.Total.SURVEY_LU1_3U411
0,0,SE.Total.SURVEY_LU1_3U414
10.75469,13.70311,SE.Total.SURVEY_LU1_3U415
193.3573,104.6777,SE.Total.SURVEY_LU1_3U420
544.6598,552.4564,SE.Total.settlement0
 82.29309,175.31140,SE.Total.settlement1
0.06024896,0.12835014,SE.Total.settl_pc
256.0322,280.8733,SE.Total.fao_class_name0
508.0508,506.1069,SE.Total.fao_class_name1
178.5058,127.3295,SE.Total.fao_class_name2
43.27595,60.19918,SE.Total.fao_class_name3
633.2577,551.1190,SE.Total.lue0
334.3647,161.5300,SE.Total.lue1
540.9269,547.2040,SE.Total.lud0
84.4515,97.7350,SE.Total.lud1
24195.91,19006.02,CI.l(95%).Total.area
280.6875,343.1200,CI.l(95%).Total.SURVEY_LC1_1A
1939.144,3635.906,CI.l(95%).Total.SURVEY_LC1_1B
13430.308, 9805.413,CI.l(95%).Total.SURVEY_LC1_1C
476.6968,215.7065,CI.l(95%).Total.SURVEY_LC1_1D
2738.736,3579.225,CI.l(95%).Total.SURVEY_LC1_1E
249.32916, 85.83856,CI.l(95%).Total.SURVEY_LC1_1F
2165.12835,  18.72129,CI.l(95%).Total.SURVEY_LC1_1G
1523.89059, -24.36308,CI.l(95%).Total.SURVEY_LC1_1H
18777.18,17295.21,CI.l(95%).Total.SURVEY_LU1_1U1
38.234563, 4.003179,CI.l(95%).Total.SURVEY_LU1_1U2
811.1118,838.5115,CI.l(95%).Total.SURVEY_LU1_1U3
3305.2063, 268.6702,CI.l(95%).Total.SURVEY_LU1_1U4
18.92903,24.01907,CI.l(95%).Total.SURVEY_LC1_2A1
187.7739,287.3018,CI.l(95%).Total.SURVEY_LC1_2A2
12.00954,11.57991,CI.l(95%).Total.SURVEY_LC1_2A3
  90.25688,2134.30888,CI.l(95%).Total.SURVEY_LC1_2B1
 0.00000,13.15883,CI.l(95%).Total.SURVEY_LC1_2B2
 29.03724,384.47061,CI.l(95%).Total.SURVEY_LC1_2B3
 -8.435986,161.871976,CI.l(95%).Total.SURVEY_LC1_2B4
  4.003179,507.617310,CI.l(95%).Total.SURVEY_LC1_2B5
 0.00000,18.26849,CI.l(95%).Total.SURVEY_LC1_2B7
1689.26,   0.00,CI.l(95%).Total.SURVEY_LC1_2Bx
1573.909,3243.859,CI.l(95%).Total.SURVEY_LC1_2C1
4713.337,2246.312,CI.l(95%).Total.SURVEY_LC1_2C2
5994.450,3256.281,CI.l(95%).Total.SURVEY_LC1_2C3
202.5181,141.2528,CI.l(95%).Total.SURVEY_LC1_2D1
154.944773,  2.469541,CI.l(95%).Total.SURVEY_LC1_2D2
258.4706,169.5130,CI.l(95%).Total.SURVEY_LC1_2E1
1577.348,2820.801,CI.l(95%).Total.SURVEY_LC1_2E2
500.3355,266.3805,CI.l(95%).Total.SURVEY_LC1_2E3
-5.75058, 0.00000,CI.l(95%).Total.SURVEY_LC1_2Ex
16.01272, 0.00000,CI.l(95%).Total.SURVEY_LC1_2F1
30.22516, 0.00000,CI.l(95%).Total.SURVEY_LC1_2F2
193.35400, 85.83856,CI.l(95%).Total.SURVEY_LC1_2F4
2089.98264,  14.99567,CI.l(95%).Total.SURVEY_LC1_2G1
42.32220,-1.01705,CI.l(95%).Total.SURVEY_LC1_2G2
1382.11777, -24.36308,CI.l(95%).Total.SURVEY_LC1_2H1
71.02563, 0.00000,CI.l(95%).Total.SURVEY_LC1_2H2
3770.398,6875.336,CI.l(95%).Total.SURVEY_LU1_2U11
12992.13,10019.37,CI.l(95%).Total.SURVEY_LU1_2U12
853.2997,  0.0000,CI.l(95%).Total.SURVEY_LU1_2U13
211.3961,  0.0000,CI.l(95%).Total.SURVEY_LU1_2U14
15.592287, 4.003179,CI.l(95%).Total.SURVEY_LU1_2U21
16.947, 0.000,CI.l(95%).Total.SURVEY_LU1_2U22
181.3876,356.8400,CI.l(95%).Total.SURVEY_LU1_2U31
3.582751,0.000000,CI.l(95%).Total.SURVEY_LU1_2U32
4.003179,2.645848,CI.l(95%).Total.SURVEY_LU1_2U33
 7.103338,-7.622267,CI.l(95%).Total.SURVEY_LU1_2U35
208.29951, 16.77395,CI.l(95%).Total.SURVEY_LU1_2U36
210.7018,177.4298,CI.l(95%).Total.SURVEY_LU1_2U37
25.077648,-1.986996,CI.l(95%).Total.SURVEY_LU1_2U41
3259.3512, 195.1024,CI.l(95%).Total.SURVEY_LU1_2U42
18.92903,16.01272,CI.l(95%).Total.SURVEY_LC1_3A11
0.000000,8.006358,CI.l(95%).Total.SURVEY_LC1_3A12
52.19665,16.39681,CI.l(95%).Total.SURVEY_LC1_3A21
 91.01392,238.87638,CI.l(95%).Total.SURVEY_LC1_3A22
12.00954,11.57991,CI.l(95%).Total.SURVEY_LC1_3A30
 17.25167,999.47329,CI.l(95%).Total.SURVEY_LC1_3B11
  2.359155,624.151232,CI.l(95%).Total.SURVEY_LC1_3B13
 0.00000,71.42919,CI.l(95%).Total.SURVEY_LC1_3B14
 4.003179,89.980631,CI.l(95%).Total.SURVEY_LC1_3B15
 6.643923,54.406570,CI.l(95%).Total.SURVEY_LC1_3B16
0.000000,4.963212,CI.l(95%).Total.SURVEY_LC1_3B18
-8.435986,-4.432807,CI.l(95%).Total.SURVEY_LC1_3B19
0.0000000,0.7495797,CI.l(95%).Total.SURVEY_LC1_3B21
 0.000000,-5.360509,CI.l(95%).Total.SURVEY_LC1_3B22
 0.000000,-8.435986,CI.l(95%).Total.SURVEY_LC1_3B23
 20.79191,374.92058,CI.l(95%).Total.SURVEY_LC1_3B32
-8.435986,-5.856954,CI.l(95%).Total.SURVEY_LC1_3B35
 -8.435986,161.871976,CI.l(95%).Total.SURVEY_LC1_3B41
 4.003179,73.125579,CI.l(95%).Total.SURVEY_LC1_3B51
0.000000,6.331104,CI.l(95%).Total.SURVEY_LC1_3B52
  0.000,170.411,CI.l(95%).Total.SURVEY_LC1_3B53
  0.0000,129.4099,CI.l(95%).Total.SURVEY_LC1_3B55
 0.00000,16.01272,CI.l(95%).Total.SURVEY_LC1_3B71
0.000000,4.003179,CI.l(95%).Total.SURVEY_LC1_3B72
 0.000000,-1.747401,CI.l(95%).Total.SURVEY_LC1_3B75
1634.852,   0.000,CI.l(95%).Total.SURVEY_LC1_3Bx1
-31.2149,  0.0000,CI.l(95%).Total.SURVEY_LC1_3Bx2
1573.909,3243.859,CI.l(95%).Total.SURVEY_LC1_3C10
918.0296,666.2289,CI.l(95%).Total.SURVEY_LC1_3C21
2147.531, 817.934,CI.l(95%).Total.SURVEY_LC1_3C22
166.3799,277.2974,CI.l(95%).Total.SURVEY_LC1_3C23
666.6711,  0.0000,CI.l(95%).Total.SURVEY_LC1_3C2x
1565.835,1992.012,CI.l(95%).Total.SURVEY_LC1_3C31
377.4539,388.2855,CI.l(95%).Total.SURVEY_LC1_3C32
236.4704,356.1801,CI.l(95%).Total.SURVEY_LC1_3C33
2894.704,   0.000,CI.l(95%).Total.SURVEY_LC1_3C3x
202.5181,141.2528,CI.l(95%).Total.SURVEY_LC1_3D10
154.944773,  2.469541,CI.l(95%).Total.SURVEY_LC1_3D20
258.4706,169.5130,CI.l(95%).Total.SURVEY_LC1_3E10
1577.348,2820.801,CI.l(95%).Total.SURVEY_LC1_3E20
500.3355,266.3805,CI.l(95%).Total.SURVEY_LC1_3E30
-5.75058, 0.00000,CI.l(95%).Total.SURVEY_LC1_3Exx
16.01272, 0.00000,CI.l(95%).Total.SURVEY_LC1_3F10
30.22516, 0.00000,CI.l(95%).Total.SURVEY_LC1_3F20
193.35400, 85.83856,CI.l(95%).Total.SURVEY_LC1_3F40
2085.49036,  14.99567,CI.l(95%).Total.SURVEY_LC1_3G11
1.404764,0.000000,CI.l(95%).Total.SURVEY_LC1_3G12
42.32220,-1.01705,CI.l(95%).Total.SURVEY_LC1_3G21
652.57970,-24.36308,CI.l(95%).Total.SURVEY_LC1_3H11
568.281,  0.000,CI.l(95%).Total.SURVEY_LC1_3H12
71.02563, 0.00000,CI.l(95%).Total.SURVEY_LC1_3H21
3658.383,6726.183,CI.l(95%).Total.SURVEY_LU1_3U111
 6.426903,65.860976,CI.l(95%).Total.SURVEY_LU1_3U112
-21.10149, 10.64068,CI.l(95%).Total.SURVEY_LU1_3U113
12992.13,10019.37,CI.l(95%).Total.SURVEY_LU1_3U120
853.2997,  0.0000,CI.l(95%).Total.SURVEY_LU1_3U130
211.3961,  0.0000,CI.l(95%).Total.SURVEY_LU1_3U140
15.592287, 4.003179,CI.l(95%).Total.SURVEY_LU1_3U210
4.003179,0.000000,CI.l(95%).Total.SURVEY_LU1_3U223
1.687787,0.000000,CI.l(95%).Total.SURVEY_LU1_3U224
-15.62862,  0.00000,CI.l(95%).Total.SURVEY_LU1_3U226
2.255777,0.000000,CI.l(95%).Total.SURVEY_LU1_3U227
3.595004,2.584226,CI.l(95%).Total.SURVEY_LU1_3U311
 73.45117,296.53755,CI.l(95%).Total.SURVEY_LU1_3U312
-3.089684, 0.000000,CI.l(95%).Total.SURVEY_LU1_3U314
4.003179,0.000000,CI.l(95%).Total.SURVEY_LU1_3U316
0.9134948,4.0031788,CI.l(95%).Total.SURVEY_LU1_3U317
5.301852,0.000000,CI.l(95%).Total.SURVEY_LU1_3U318
14.41762,14.61609,CI.l(95%).Total.SURVEY_LU1_3U319
3.582751,0.000000,CI.l(95%).Total.SURVEY_LU1_3U322
4.003179,2.645848,CI.l(95%).Total.SURVEY_LU1_3U330
 7.103338,-7.622267,CI.l(95%).Total.SURVEY_LU1_3U350
150.52809, 12.77077,CI.l(95%).Total.SURVEY_LU1_3U361
-24.354860,  4.003179,CI.l(95%).Total.SURVEY_LU1_3U362
210.7018,177.4298,CI.l(95%).Total.SURVEY_LU1_3U370
  8.006358,-40.485210,CI.l(95%).Total.SURVEY_LU1_3U411
0.000000,8.006358,CI.l(95%).Total.SURVEY_LU1_3U414
17.071290, 7.692739,CI.l(95%).Total.SURVEY_LU1_3U415
3259.3512, 195.1024,CI.l(95%).Total.SURVEY_LU1_3U420
23410.17,17898.76,CI.l(95%).Total.settlement0
623.9721,747.8897,CI.l(95%).Total.settlement1
0.4568265,0.5475499,CI.l(95%).Total.settl_pc
8992.364,8326.281,CI.l(95%).Total.fao_class_name0
13462.090, 9664.956,CI.l(95%).Total.fao_class_name1
895.2344,156.0309,CI.l(95%).Total.fao_class_name2
-18.99871, 15.78049,CI.l(95%).Total.fao_class_name3
22817.22,18356.98,CI.l(95%).Total.lue0
549.2232,319.3035,CI.l(95%).Total.lue1
23496.52,18430.60,CI.l(95%).Total.lud0
540.7104,378.3968,CI.l(95%).Total.lud1
26329.98,21140.09,CI.u(95%).Total.area
398.2723,663.4286,CI.u(95%).Total.SURVEY_LC1_1A
2494.504,4255.666,CI.u(95%).Total.SURVEY_LC1_1B
15427.25,11799.86,CI.u(95%).Total.SURVEY_LC1_1C
1047.4020, 720.4935,CI.u(95%).Total.SURVEY_LC1_1D
3791.549,4496.528,CI.u(95%).Total.SURVEY_LC1_1E
412.7585,373.4539,CI.u(95%).Total.SURVEY_LC1_1F
2345.44696,  38.05106,CI.u(95%).Total.SURVEY_LC1_1G
1804.7942, 139.0558,CI.u(95%).Total.SURVEY_LC1_1H
21282.05,19460.84,CI.u(95%).Total.SURVEY_LU1_1U1
123.571735,  4.003179,CI.u(95%).Total.SURVEY_LU1_1U2
2124.790,1565.183,CI.u(95%).Total.SURVEY_LU1_1U3
4063.7555, 709.6822,CI.u(95%).Total.SURVEY_LU1_1U4
133.19176, 24.01907,CI.u(95%).Total.SURVEY_LC1_2A1
315.0460,604.6943,CI.u(95%).Total.SURVEY_LC1_2A2
12.00954,54.93445,CI.u(95%).Total.SURVEY_LC1_2A3
 233.2134,2587.6120,CI.u(95%).Total.SURVEY_LC1_2B1
 0.00000,88.54974,CI.u(95%).Total.SURVEY_LC1_2B2
126.5894,620.4374,CI.u(95%).Total.SURVEY_LC1_2B3
 34.91855,551.96842,CI.u(95%).Total.SURVEY_LC1_2B4
  4.003179,772.416116,CI.u(95%).Total.SURVEY_LC1_2B5
 0.00000,50.89281,CI.u(95%).Total.SURVEY_LC1_2B7
2230.802,   0.000,CI.u(95%).Total.SURVEY_LC1_2Bx
2637.911,4690.931,CI.u(95%).Total.SURVEY_LC1_2C1
6211.269,3457.164,CI.u(95%).Total.SURVEY_LC1_2C2
7726.684,4710.724,CI.u(95%).Total.SURVEY_LC1_2C3
637.4852,615.6785,CI.u(95%).Total.SURVEY_LC1_2D1
529.1507,176.7992,CI.u(95%).Total.SURVEY_LC1_2D2
737.4912,506.2144,CI.u(95%).Total.SURVEY_LC1_2E1
2310.476,3655.627,CI.u(95%).Total.SURVEY_LC1_2E2
1125.0400, 657.2177,CI.u(95%).Total.SURVEY_LC1_2E3
26.87374, 0.00000,CI.u(95%).Total.SURVEY_LC1_2Ex
16.01272, 0.00000,CI.u(95%).Total.SURVEY_LC1_2F1
50.29592, 0.00000,CI.u(95%).Total.SURVEY_LC1_2F2
356.1872,373.4539,CI.u(95%).Total.SURVEY_LC1_2F4
2171.00089,  29.40323,CI.u(95%).Total.SURVEY_LC1_2G1
207.26959, 13.39051,CI.u(95%).Total.SURVEY_LC1_2G2
1671.3793, 139.0558,CI.u(95%).Total.SURVEY_LC1_2H1
204.1621,  0.0000,CI.u(95%).Total.SURVEY_LC1_2H2
4621.134,7847.274,CI.u(95%).Total.SURVEY_LU1_2U11
14984.75,12014.07,CI.u(95%).Total.SURVEY_LU1_2U12
2113.628,   0.000,CI.u(95%).Total.SURVEY_LU1_2U13
512.493,  0.000,CI.u(95%).Total.SURVEY_LU1_2U14
27.870797, 4.003179,CI.u(95%).Total.SURVEY_LU1_2U21
101.3962,  0.0000,CI.u(95%).Total.SURVEY_LU1_2U22
317.9313,738.6915,CI.u(95%).Total.SURVEY_LU1_2U31
15.86126, 0.00000,CI.u(95%).Total.SURVEY_LU1_2U32
 4.003179,33.724117,CI.u(95%).Total.SURVEY_LU1_2U33
22.63456,64.81054,CI.u(95%).Total.SURVEY_LU1_2U35
1494.9599, 259.9777,CI.u(95%).Total.SURVEY_LU1_2U36
465.4330,760.4234,CI.u(95%).Total.SURVEY_LU1_2U37
 67.23526,179.80558,CI.u(95%).Total.SURVEY_LU1_2U41
4017.2977, 605.4314,CI.u(95%).Total.SURVEY_LU1_2U42
133.19176, 16.01272,CI.u(95%).Total.SURVEY_LC1_3A11
0.000000,8.006358,CI.u(95%).Total.SURVEY_LC1_3A12
159.93532, 88.82961,CI.u(95%).Total.SURVEY_LC1_3A21
199.6740,547.8934,CI.u(95%).Total.SURVEY_LC1_3A22
12.00954,54.93445,CI.u(95%).Total.SURVEY_LC1_3A30
 109.0358,1353.5268,CI.u(95%).Total.SURVEY_LC1_3B11
 71.93871,912.38585,CI.u(95%).Total.SURVEY_LC1_3B13
  0.0000,192.0029,CI.u(95%).Total.SURVEY_LC1_3B14
  4.003179,210.816007,CI.u(95%).Total.SURVEY_LC1_3B15
 81.75206,161.64544,CI.u(95%).Total.SURVEY_LC1_3B16
 0.00000,12.65077,CI.u(95%).Total.SURVEY_LC1_3B18
34.91855,38.92173,CI.u(95%).Total.SURVEY_LC1_3B19
 0.00000,54.11916,CI.u(95%).Total.SURVEY_LC1_3B21
 0.00000,25.71776,CI.u(95%).Total.SURVEY_LC1_3B22
 0.00000,34.91855,CI.u(95%).Total.SURVEY_LC1_3B23
108.3521,608.6547,CI.u(95%).Total.SURVEY_LC1_3B32
34.91855,27.18968,CI.u(95%).Total.SURVEY_LC1_3B35
 34.91855,551.96842,CI.u(95%).Total.SURVEY_LC1_3B41
  4.003179,203.638710,CI.u(95%).Total.SURVEY_LC1_3B51
 0.00000,74.99764,CI.u(95%).Total.SURVEY_LC1_3B52
  0.0000,340.6656,CI.u(95%).Total.SURVEY_LC1_3B53
  0.0000,281.4538,CI.u(95%).Total.SURVEY_LC1_3B55
 0.00000,16.01272,CI.u(95%).Total.SURVEY_LC1_3B71
0.000000,4.003179,CI.u(95%).Total.SURVEY_LC1_3B72
 0.00000,30.87692,CI.u(95%).Total.SURVEY_LC1_3B75
2131.31,   0.00,CI.u(95%).Total.SURVEY_LC1_3Bx1
185.1149,  0.0000,CI.u(95%).Total.SURVEY_LC1_3Bx2
2637.911,4690.931,CI.u(95%).Total.SURVEY_LC1_3C10
1784.227,1443.599,CI.u(95%).Total.SURVEY_LC1_3C21
3191.694,1641.563,CI.u(95%).Total.SURVEY_LC1_3C22
650.8264,856.8527,CI.u(95%).Total.SURVEY_LC1_3C23
1399.247,   0.000,CI.u(95%).Total.SURVEY_LC1_3C2x
2649.348,3211.014,CI.u(95%).Total.SURVEY_LC1_3C31
1001.063,1058.407,CI.u(95%).Total.SURVEY_LC1_3C32
771.9781,961.1071,CI.u(95%).Total.SURVEY_LC1_3C33
4224.281,   0.000,CI.u(95%).Total.SURVEY_LC1_3C3x
637.4852,615.6785,CI.u(95%).Total.SURVEY_LC1_3D10
529.1507,176.7992,CI.u(95%).Total.SURVEY_LC1_3D20
737.4912,506.2144,CI.u(95%).Total.SURVEY_LC1_3E10
2310.476,3655.627,CI.u(95%).Total.SURVEY_LC1_3E20
1125.0400, 657.2177,CI.u(95%).Total.SURVEY_LC1_3E30
26.87374, 0.00000,CI.u(95%).Total.SURVEY_LC1_3Exx
16.01272, 0.00000,CI.u(95%).Total.SURVEY_LC1_3F10
50.29592, 0.00000,CI.u(95%).Total.SURVEY_LC1_3F20
356.1872,373.4539,CI.u(95%).Total.SURVEY_LC1_3F40
2166.34304,  29.40323,CI.u(95%).Total.SURVEY_LC1_3G11
7.745359,0.000000,CI.u(95%).Total.SURVEY_LC1_3G12
207.26959, 13.39051,CI.u(95%).Total.SURVEY_LC1_3G21
978.9119,139.0558,CI.u(95%).Total.SURVEY_LC1_3H11
853.7246,  0.0000,CI.u(95%).Total.SURVEY_LC1_3H12
204.1621,  0.0000,CI.u(95%).Total.SURVEY_LC1_3H21
4494.216,7699.436,CI.u(95%).Total.SURVEY_LU1_3U111
 56.87531,178.72482,CI.u(95%).Total.SURVEY_LU1_3U112
196.73302, 41.76457,CI.u(95%).Total.SURVEY_LU1_3U113
14984.75,12014.07,CI.u(95%).Total.SURVEY_LU1_3U120
2113.628,   0.000,CI.u(95%).Total.SURVEY_LU1_3U130
512.493,  0.000,CI.u(95%).Total.SURVEY_LU1_3U140
27.870797, 4.003179,CI.u(95%).Total.SURVEY_LU1_3U210
4.003179,0.000000,CI.u(95%).Total.SURVEY_LU1_3U223
30.33764, 0.00000,CI.u(95%).Total.SURVEY_LU1_3U224
56.80418, 0.00000,CI.u(95%).Total.SURVEY_LU1_3U226
34.88009, 0.00000,CI.u(95%).Total.SURVEY_LU1_3U227
62.33280,18.46106,CI.u(95%).Total.SURVEY_LU1_3U311
180.1788,671.8131,CI.u(95%).Total.SURVEY_LU1_3U312
19.1024, 0.0000,CI.u(95%).Total.SURVEY_LU1_3U314
4.003179,0.000000,CI.u(95%).Total.SURVEY_LU1_3U316
23.105578, 4.003179,CI.u(95%).Total.SURVEY_LU1_3U317
41.7355, 0.0000,CI.u(95%).Total.SURVEY_LU1_3U318
70.26794,83.51311,CI.u(95%).Total.SURVEY_LU1_3U319
15.86126, 0.00000,CI.u(95%).Total.SURVEY_LU1_3U322
 4.003179,33.724117,CI.u(95%).Total.SURVEY_LU1_3U330
22.63456,64.81054,CI.u(95%).Total.SURVEY_LU1_3U350
1425.8343, 255.9745,CI.u(95%).Total.SURVEY_LU1_3U361
151.251816,  4.003179,CI.u(95%).Total.SURVEY_LU1_3U362
465.4330,760.4234,CI.u(95%).Total.SURVEY_LU1_3U370
  8.006358,133.190404,CI.u(95%).Total.SURVEY_LU1_3U411
0.000000,8.006358,CI.u(95%).Total.SURVEY_LU1_3U414
59.22890,61.40794,CI.u(95%).Total.SURVEY_LU1_3U415
4017.2977, 605.4314,CI.u(95%).Total.SURVEY_LU1_3U420
25545.20,20064.35,CI.u(95%).Total.settlement0
 946.555,1435.098,CI.u(95%).Total.settlement1
0.6929981,1.0506732,CI.u(95%).Total.settl_pc
9995.992,9427.284,CI.u(95%).Total.fao_class_name0
15453.61,11648.86,CI.u(95%).Total.fao_class_name1
1594.9643, 655.1535,CI.u(95%).Total.fao_class_name2
150.6399,251.7569,CI.u(95%).Total.fao_class_name3
25299.55,20517.33,CI.u(95%).Total.lue0
1859.9089, 952.4896,CI.u(95%).Total.lue1
25616.91,20575.60,CI.u(95%).Total.lud0
871.7542,761.5110,CI.u(95%).Total.lud1
0.02154996,0.02712171,CV.Total.area
0.08836071,0.16236252,CV.Total.SURVEY_LC1_1A
0.06390942,0.04006930,CV.Total.SURVEY_LC1_1B
0.03530677,0.04709926,CV.Total.SURVEY_LC1_1C
0.1910516,0.2751005,CV.Total.SURVEY_LC1_1D
0.08225665,0.05795377,CV.Total.SURVEY_LC1_1E
0.1259408,0.3195028,CV.Total.SURVEY_LC1_1F
0.02039673,0.17371677,CV.Total.SURVEY_LC1_1G
0.04305629,0.72697313,CV.Total.SURVEY_LC1_1H
0.03190321,0.03006135,CV.Total.SURVEY_LU1_1U1
0.2690883,0.0000000,CV.Total.SURVEY_LU1_1U2
0.2282965,0.1542449,CV.Total.SURVEY_LU1_1U3
0.05252056,0.22998897,CV.Total.SURVEY_LU1_1U4
0.3832374,0.0000000,CV.Total.SURVEY_LC1_2A1
0.1291435,0.1815455,CV.Total.SURVEY_LC1_2A2
0.0000000,0.3325608,CV.Total.SURVEY_LC1_2A3
0.22548700,0.04898035,CV.Total.SURVEY_LC1_2B1
NA,0.3781929,CV.Total.SURVEY_LC1_2B2
0.3198194,0.1198054,CV.Total.SURVEY_LC1_2B3
0.8352691,0.2788193,CV.Total.SURVEY_LC1_2B4
0.0000000,0.1055472,CV.Total.SURVEY_LC1_2B5
NA,0.2406746,CV.Total.SURVEY_LC1_2B7
0.07048417,NA,CV.Total.SURVEY_LC1_2Bx
0.12889159,0.09304793,CV.Total.SURVEY_LC1_2C1
0.06995813,0.10831868,CV.Total.SURVEY_LC1_2C2
0.06441223,0.09314370,CV.Total.SURVEY_LC1_2C3
0.2641966,0.3197891,CV.Total.SURVEY_LC1_2D1
0.2790910,0.4961564,CV.Total.SURVEY_LC1_2D2
0.2453937,0.2542291,CV.Total.SURVEY_LC1_2E1
0.09621119,0.06576769,CV.Total.SURVEY_LC1_2E2
0.1960979,0.2159060,CV.Total.SURVEY_LC1_2E3
0.7880151,NA,CV.Total.SURVEY_LC1_2Ex
  0,NA,CV.Total.SURVEY_LC1_2F1
0.1271763,NA,CV.Total.SURVEY_LC1_2F2
0.1511801,0.3195028,CV.Total.SURVEY_LC1_2F4
0.009701188,0.165565655,CV.Total.SURVEY_LC1_2G1
0.3371841,0.5940885,CV.Total.SURVEY_LC1_2G2
0.04833316,0.72697313,CV.Total.SURVEY_LC1_2H1
0.2468424,NA,CV.Total.SURVEY_LC1_2H2
0.05172558,0.03368262,CV.Total.SURVEY_LU1_2U11
0.03633940,0.04618986,CV.Total.SURVEY_LU1_2U12
0.2167347,NA,CV.Total.SURVEY_LU1_2U13
0.2122199,NA,CV.Total.SURVEY_LU1_2U14
0.1441375,0.0000000,CV.Total.SURVEY_LU1_2U21
0.3640862,NA,CV.Total.SURVEY_LU1_2U22
0.1395230,0.1778368,CV.Total.SURVEY_LU1_2U31
0.3221897,NA,CV.Total.SURVEY_LU1_2U32
0.0000000,0.4359793,CV.Total.SURVEY_LU1_2U33
0.2664694,0.6462198,CV.Total.SURVEY_LU1_2U35
0.3854207,0.4483652,CV.Total.SURVEY_LU1_2U36
0.1922209,0.3171618,CV.Total.SURVEY_LU1_2U37
0.2330051,0.5216160,CV.Total.SURVEY_LU1_2U41
0.05314459,0.26151973,CV.Total.SURVEY_LU1_2U42
0.3832374,0.0000000,CV.Total.SURVEY_LC1_3A11
NA,  0,CV.Total.SURVEY_LC1_3A12
0.2591298,0.3512064,CV.Total.SURVEY_LC1_3A21
0.1907195,0.2003949,CV.Total.SURVEY_LC1_3A22
0.0000000,0.3325608,CV.Total.SURVEY_LC1_3A30
0.3708167,0.0767713,CV.Total.SURVEY_LC1_3B11
0.47781219,0.09570949,CV.Total.SURVEY_LC1_3B13
NA,0.2335264,CV.Total.SURVEY_LC1_3B14
0.0000000,0.2049618,CV.Total.SURVEY_LC1_3B15
0.4335172,0.2532479,CV.Total.SURVEY_LC1_3B16
NA,0.2226809,CV.Total.SURVEY_LC1_3B18
0.8352691,0.6413673,CV.Total.SURVEY_LC1_3B19
NA,0.4962731,CV.Total.SURVEY_LC1_3B21
NA,0.7789142,CV.Total.SURVEY_LC1_3B22
NA,0.8352691,CV.Total.SURVEY_LC1_3B23
0.3459270,0.1212457,CV.Total.SURVEY_LC1_3B32
0.8352691,0.7903742,CV.Total.SURVEY_LC1_3B35
0.8352691,0.2788193,CV.Total.SURVEY_LC1_3B41
0.0000000,0.2406002,CV.Total.SURVEY_LC1_3B51
NA,0.4307775,CV.Total.SURVEY_LC1_3B52
NA,0.169967,CV.Total.SURVEY_LC1_3B53
NA,0.1888091,CV.Total.SURVEY_LC1_3B55
NA,  0,CV.Total.SURVEY_LC1_3B71
NA,  0,CV.Total.SURVEY_LC1_3B72
NA,0.5714261,CV.Total.SURVEY_LC1_3B75
0.06725658,NA,CV.Total.SURVEY_LC1_3Bx1
0.7171824,NA,CV.Total.SURVEY_LC1_3Bx2
0.12889159,0.09304793,CV.Total.SURVEY_LC1_3C10
0.1635468,0.1879892,CV.Total.SURVEY_LC1_3C21
0.09977968,0.17085881,CV.Total.SURVEY_LC1_3C22
0.3024587,0.2607212,CV.Total.SURVEY_LC1_3C23
0.180922,NA,CV.Total.SURVEY_LC1_3C2x
0.1311504,0.1195365,CV.Total.SURVEY_LC1_3C31
0.2308087,0.2363357,CV.Total.SURVEY_LC1_3C32
0.2709342,0.2343011,CV.Total.SURVEY_LC1_3C33
0.09529001,NA,CV.Total.SURVEY_LC1_3C3x
0.2641966,0.3197891,CV.Total.SURVEY_LC1_3D10
0.2790910,0.4961564,CV.Total.SURVEY_LC1_3D20
0.2453937,0.2542291,CV.Total.SURVEY_LC1_3E10
0.09621119,0.06576769,CV.Total.SURVEY_LC1_3E20
0.1960979,0.2159060,CV.Total.SURVEY_LC1_3E30
0.7880151,NA,CV.Total.SURVEY_LC1_3Exx
  0,NA,CV.Total.SURVEY_LC1_3F10
0.1271763,NA,CV.Total.SURVEY_LC1_3F20
0.1511801,0.3195028,CV.Total.SURVEY_LC1_3F40
0.009702196,0.165565655,CV.Total.SURVEY_LC1_3G11
0.3535534,NA,CV.Total.SURVEY_LC1_3G12
0.3371841,0.5940885,CV.Total.SURVEY_LC1_3G21
0.1020533,0.7269731,CV.Total.SURVEY_LC1_3H11
0.1024167,NA,CV.Total.SURVEY_LC1_3H12
0.2468424,NA,CV.Total.SURVEY_LC1_3H21
0.05230888,0.03442258,CV.Total.SURVEY_LU1_3U111
0.4066123,0.2354374,CV.Total.SURVEY_LU1_3U112
0.6328141,0.3030198,CV.Total.SURVEY_LU1_3U113
0.03633940,0.04618986,CV.Total.SURVEY_LU1_3U120
0.2167347,NA,CV.Total.SURVEY_LU1_3U130
0.2122199,NA,CV.Total.SURVEY_LU1_3U140
0.1441375,0.0000000,CV.Total.SURVEY_LU1_3U210
  0,NA,CV.Total.SURVEY_LU1_3U223
0.4564355,NA,CV.Total.SURVEY_LU1_3U224
0.8975275,NA,CV.Total.SURVEY_LU1_3U226
0.4482288,NA,CV.Total.SURVEY_LU1_3U227
0.4545702,0.3849115,CV.Total.SURVEY_LU1_3U311
0.2146981,0.1977286,CV.Total.SURVEY_LU1_3U312
0.7071068,NA,CV.Total.SURVEY_LU1_3U314
  0,NA,CV.Total.SURVEY_LU1_3U316
0.4714045,0.0000000,CV.Total.SURVEY_LU1_3U317
0.3951952,NA,CV.Total.SURVEY_LU1_3U318
0.3364869,0.3582235,CV.Total.SURVEY_LU1_3U319
0.3221897,NA,CV.Total.SURVEY_LU1_3U322
0.0000000,0.4359793,CV.Total.SURVEY_LU1_3U330
0.2664694,0.6462198,CV.Total.SURVEY_LU1_3U350
0.4127721,0.4617228,CV.Total.SURVEY_LU1_3U361
0.7060602,0.0000000,CV.Total.SURVEY_LU1_3U362
0.1922209,0.3171618,CV.Total.SURVEY_LU1_3U370
0.0000000,0.9558433,CV.Total.SURVEY_LU1_3U411
NA,  0,CV.Total.SURVEY_LU1_3U414
0.2819047,0.3966129,CV.Total.SURVEY_LU1_3U415
0.05314459,0.26151973,CV.Total.SURVEY_LU1_3U420
0.02225128,0.02910490,CV.Total.settlement0
0.1047968,0.1606160,CV.Total.settlement1
0.1047968,0.1606160,CV.Total.settl_pc
0.02696729,0.03164134,CV.Total.fao_class_name0
0.03514013,0.04749097,CV.Total.fao_class_name1
0.1433667,0.3139349,CV.Total.fao_class_name2
0.6574834,0.4500244,CV.Total.fao_class_name3
0.02632171,0.02835389,CV.Total.lue0
0.2775811,0.2540194,CV.Total.lue1
0.02202765,0.02805729,CV.Total.lud0
0.1195803,0.1714788,CV.Total.lud1
