PT0.No,PT0.Yes,variable
No,Yes,flag_two
38475.66,50627.34,Total.area
2557.784,3229.225,Total.SURVEY_LC1_1A
 3557.853,10889.670,Total.SURVEY_LC1_1B
12164.33,19319.82,Total.SURVEY_LC1_1C
8994.763,6858.375,Total.SURVEY_LC1_1D
6773.334,8474.485,Total.SURVEY_LC1_1E
3128.137,1590.207,Total.SURVEY_LC1_1F
1144.6482, 218.5783,Total.SURVEY_LC1_1G
154.81179, 46.98494,Total.SURVEY_LC1_1H
23861.32,38736.76,Total.SURVEY_LU1_1U1
179.0431,266.2057,Total.SURVEY_LU1_1U2
2941.809,3363.527,Total.SURVEY_LU1_1U3
11493.486, 8260.847,Total.SURVEY_LU1_1U4
839.5413,786.3470,Total.SURVEY_LC1_2A1
1630.974,2333.478,Total.SURVEY_LC1_2A2
 81.24161,109.39988,Total.SURVEY_LC1_2A3
6.026691,0.000000,Total.SURVEY_LC1_2Ax
 237.4127,1777.6043,Total.SURVEY_LC1_2B1
  5.443815,132.760388,Total.SURVEY_LC1_2B2
10.695724, 9.154368,Total.SURVEY_LC1_2B3
 17.52465,366.37611,Total.SURVEY_LC1_2B4
 40.54282,880.88719,Total.SURVEY_LC1_2B5
 219.0304,1846.7059,Total.SURVEY_LC1_2B7
 767.824,5876.182,Total.SURVEY_LC1_2B8
2259.379,   0.000,Total.SURVEY_LC1_2Bx
 9153.982,13450.509,Total.SURVEY_LC1_2C1
1771.035,3938.607,Total.SURVEY_LC1_2C2
 481.0158,1930.7026,Total.SURVEY_LC1_2C3
758.2947,  0.0000,Total.SURVEY_LC1_2Cx
2581.747,3480.090,Total.SURVEY_LC1_2D1
6263.684,3378.285,Total.SURVEY_LC1_2D2
149.331,  0.000,Total.SURVEY_LC1_2Dx
1839.540,1479.262,Total.SURVEY_LC1_2E1
4343.998,3951.396,Total.SURVEY_LC1_2E2
 577.3747,3043.8266,Total.SURVEY_LC1_2E3
12.42219, 0.00000,Total.SURVEY_LC1_2Ex
980.9513,270.3427,Total.SURVEY_LC1_2F1
67.42699,44.96458,Total.SURVEY_LC1_2F2
2079.759,1274.899,Total.SURVEY_LC1_2F4
643.30118, 63.02659,Total.SURVEY_LC1_2G1
456.2110,155.5517,Total.SURVEY_LC1_2G2
27.9611, 0.0000,Total.SURVEY_LC1_2G3
8.44457,0.00000,Total.SURVEY_LC1_2G4
8.73034,0.00000,Total.SURVEY_LC1_2Gx
14.07338,27.98863,Total.SURVEY_LC1_2H1
140.73841, 18.99631,Total.SURVEY_LC1_2H2
 9690.962,18477.853,Total.SURVEY_LU1_2U11
14067.99,20236.02,Total.SURVEY_LU1_2U12
25.393567, 9.260199,Total.SURVEY_LU1_2U13
76.97632,13.63132,Total.SURVEY_LU1_2U14
28.11197,74.21358,Total.SURVEY_LU1_2U21
150.9312,191.9921,Total.SURVEY_LU1_2U22
1073.568,2166.578,Total.SURVEY_LU1_2U31
57.17086,10.95367,Total.SURVEY_LU1_2U32
33.33027,67.17900,Total.SURVEY_LU1_2U33
35.09253,49.53465,Total.SURVEY_LU1_2U34
270.6767,108.2701,Total.SURVEY_LU1_2U35
202.5321,111.8810,Total.SURVEY_LU1_2U36
1269.439, 849.131,Total.SURVEY_LU1_2U37
 679.1398,2219.5590,Total.SURVEY_LU1_2U41
10814.347, 6041.288,Total.SURVEY_LU1_2U42
707.1101,746.9752,Total.SURVEY_LC1_3A11
62.98108, 0.00000,Total.SURVEY_LC1_3A12
29.25638,39.37183,Total.SURVEY_LC1_3A13
40.19372, 0.00000,Total.SURVEY_LC1_3A1x
774.1096,458.3373,Total.SURVEY_LC1_3A21
 830.9893,1875.1409,Total.SURVEY_LC1_3A22
25.87536, 0.00000,Total.SURVEY_LC1_3A2x
 81.24161,109.39988,Total.SURVEY_LC1_3A30
6.026691,0.000000,Total.SURVEY_LC1_3Axx
 11.52729,142.51723,Total.SURVEY_LC1_3B11
 0.00000,55.20273,Total.SURVEY_LC1_3B12
 0.00000,72.73947,Total.SURVEY_LC1_3B13
  0.0000,147.8996,Total.SURVEY_LC1_3B14
 47.59992,436.55418,Total.SURVEY_LC1_3B15
132.8596,834.8398,Total.SURVEY_LC1_3B16
36.27153,54.78644,Total.SURVEY_LC1_3B17
 9.154368,26.592852,Total.SURVEY_LC1_3B18
0.000000,6.472007,Total.SURVEY_LC1_3B19
 0.00000,57.70935,Total.SURVEY_LC1_3B21
 5.443815,75.051036,Total.SURVEY_LC1_3B23
10.695724, 9.154368,Total.SURVEY_LC1_3B31
 0.00000,10.50136,Total.SURVEY_LC1_3B41
  0.0000,109.1013,Total.SURVEY_LC1_3B42
 13.14582,242.59344,Total.SURVEY_LC1_3B43
4.378822,4.179985,Total.SURVEY_LC1_3B44
  3.850519,288.471737,Total.SURVEY_LC1_3B53
 9.656752,45.339316,Total.SURVEY_LC1_3B54
 27.03555,547.07614,Total.SURVEY_LC1_3B55
  4.194643,145.531680,Total.SURVEY_LC1_3B71
  8.545061,185.773916,Total.SURVEY_LC1_3B72
 0.0000,34.8733,Total.SURVEY_LC1_3B73
 49.59225,877.82899,Total.SURVEY_LC1_3B74
 55.5099,384.3527,Total.SURVEY_LC1_3B75
 93.2013,199.7351,Total.SURVEY_LC1_3B76
 7.987194,18.610269,Total.SURVEY_LC1_3B77
 460.0703,4112.4802,Total.SURVEY_LC1_3B81
 307.7538,1611.1772,Total.SURVEY_LC1_3B82
0.000000,4.331957,Total.SURVEY_LC1_3B83
  0.0000,148.1926,Total.SURVEY_LC1_3B84
1288.506,   0.000,Total.SURVEY_LC1_3Bx1
939.5498,  0.0000,Total.SURVEY_LC1_3Bx2
31.32244, 0.00000,Total.SURVEY_LC1_3Bxx
 7621.229,13450.509,Total.SURVEY_LC1_3C10
1532.753,   0.000,Total.SURVEY_LC1_3C1x
 0.00000,20.64403,Total.SURVEY_LC1_3C21
1543.031,3784.701,Total.SURVEY_LC1_3C22
  7.746941,133.261385,Total.SURVEY_LC1_3C23
220.2567,  0.0000,Total.SURVEY_LC1_3C2x
14.40079, 0.00000,Total.SURVEY_LC1_3C31
 250.1096,1261.9445,Total.SURVEY_LC1_3C32
193.1814,668.7581,Total.SURVEY_LC1_3C33
23.32406, 0.00000,Total.SURVEY_LC1_3C3x
758.2947,  0.0000,Total.SURVEY_LC1_3Cxx
2396.483,3480.090,Total.SURVEY_LC1_3D10
185.2648,  0.0000,Total.SURVEY_LC1_3D1x
5953.149,3378.285,Total.SURVEY_LC1_3D20
310.5349,  0.0000,Total.SURVEY_LC1_3D2x
149.331,  0.000,Total.SURVEY_LC1_3Dxx
1592.879,1479.262,Total.SURVEY_LC1_3E10
246.6604,  0.0000,Total.SURVEY_LC1_3E1x
3900.304,3951.396,Total.SURVEY_LC1_3E20
443.6938,  0.0000,Total.SURVEY_LC1_3E2x
 554.7535,3043.8266,Total.SURVEY_LC1_3E30
22.62124, 0.00000,Total.SURVEY_LC1_3E3x
12.42219, 0.00000,Total.SURVEY_LC1_3Exx
953.0986,270.3427,Total.SURVEY_LC1_3F10
27.85268, 0.00000,Total.SURVEY_LC1_3F1x
67.42699,44.96458,Total.SURVEY_LC1_3F20
2070.554,1274.899,Total.SURVEY_LC1_3F40
9.205125,0.000000,Total.SURVEY_LC1_3F4x
4.452538,0.000000,Total.SURVEY_LC1_3G10
629.81894, 58.37908,Total.SURVEY_LC1_3G11
9.029703,4.647513,Total.SURVEY_LC1_3G12
435.7948,155.5517,Total.SURVEY_LC1_3G21
20.41628, 0.00000,Total.SURVEY_LC1_3G2x
27.9611, 0.0000,Total.SURVEY_LC1_3G30
8.44457,0.00000,Total.SURVEY_LC1_3G40
8.73034,0.00000,Total.SURVEY_LC1_3Gxx
14.07338,27.98863,Total.SURVEY_LC1_3H11
57.78595,14.23224,Total.SURVEY_LC1_3H21
31.786117, 4.764068,Total.SURVEY_LC1_3H22
51.16634, 0.00000,Total.SURVEY_LC1_3H23
 9206.174,15926.470,Total.SURVEY_LU1_3U111
 328.2858,2141.3398,Total.SURVEY_LU1_3U112
156.5019,410.0431,Total.SURVEY_LU1_3U113
14067.99,20236.02,Total.SURVEY_LU1_3U120
25.393567, 9.260199,Total.SURVEY_LU1_3U130
76.97632,13.63132,Total.SURVEY_LU1_3U140
28.11197,74.21358,Total.SURVEY_LU1_3U210
13.46790,40.91786,Total.SURVEY_LU1_3U221
7.923008,0.000000,Total.SURVEY_LU1_3U222
13.40702, 0.00000,Total.SURVEY_LU1_3U223
8.769853,0.000000,Total.SURVEY_LU1_3U224
 0.00000,26.07094,Total.SURVEY_LU1_3U225
 99.44039,125.00332,Total.SURVEY_LU1_3U226
7.923008,0.000000,Total.SURVEY_LU1_3U227
  8.647964,101.461138,Total.SURVEY_LU1_3U311
 856.3623,1914.1125,Total.SURVEY_LU1_3U312
31.539429, 3.913014,Total.SURVEY_LU1_3U313
17.073649, 4.291855,Total.SURVEY_LU1_3U314
0.00000,4.98433,Total.SURVEY_LU1_3U315
106.40631, 51.36922,Total.SURVEY_LU1_3U317
0.000000,4.488171,Total.SURVEY_LU1_3U318
53.53796,81.95754,Total.SURVEY_LU1_3U319
33.22663,10.95367,Total.SURVEY_LU1_3U321
23.94423, 0.00000,Total.SURVEY_LU1_3U322
33.33027,67.17900,Total.SURVEY_LU1_3U330
35.09253,49.53465,Total.SURVEY_LU1_3U341
270.6767,108.2701,Total.SURVEY_LU1_3U350
88.19056,95.03390,Total.SURVEY_LU1_3U361
114.34151, 16.84706,Total.SURVEY_LU1_3U362
1269.439, 849.131,Total.SURVEY_LU1_3U370
16.03481, 0.00000,Total.SURVEY_LU1_3U411
12.29231, 0.00000,Total.SURVEY_LU1_3U413
27.23649,19.97011,Total.SURVEY_LU1_3U414
 623.5762,2199.5889,Total.SURVEY_LU1_3U415
10814.347, 6041.288,Total.SURVEY_LU1_3U420
35385.02,46869.39,Total.settlement0
3090.633,3757.950,Total.settlement1
0.2938808,0.3573343,Total.settl_pc
23526.31,22488.64,Total.fao_class_name0
 8567.258,16371.891,Total.fao_class_name1
2527.848,2537.908,Total.fao_class_name2
3854.242,9228.908,Total.fao_class_name3
36697.92,49508.53,Total.lue0
1777.741,1118.817,Total.lue1
37055.57,48102.80,Total.lud0
1420.088,2524.547,Total.lud1
886.7312,872.5619,SE.Total.area
148.3611,183.5739,SE.Total.SURVEY_LC1_1A
246.0950,297.8388,SE.Total.SURVEY_LC1_1B
734.8460,785.9481,SE.Total.SURVEY_LC1_1C
384.4351,426.2344,SE.Total.SURVEY_LC1_1D
377.6002,340.4396,SE.Total.SURVEY_LC1_1E
270.687,207.365,SE.Total.SURVEY_LC1_1F
14.93832,27.05995,SE.Total.SURVEY_LC1_1G
 3.551149,12.215281,SE.Total.SURVEY_LC1_1H
831.1524,861.1561,SE.Total.SURVEY_LU1_1U1
 51.72138,100.48615,SE.Total.SURVEY_LU1_1U2
157.1957,202.8394,SE.Total.SURVEY_LU1_1U3
424.8697,434.4563,SE.Total.SURVEY_LU1_1U4
126.5904,125.3353,SE.Total.SURVEY_LC1_2A1
158.5818,197.4116,SE.Total.SURVEY_LC1_2A2
29.26613,22.16446,SE.Total.SURVEY_LC1_2A3
3.147337,0.000000,SE.Total.SURVEY_LC1_2Ax
 46.37056,101.85571,SE.Total.SURVEY_LC1_2B1
 3.025817,16.554018,SE.Total.SURVEY_LC1_2B2
8.279242,7.086124,SE.Total.SURVEY_LC1_2B3
 6.602971,60.921758,SE.Total.SURVEY_LC1_2B4
 10.95135,120.49433,SE.Total.SURVEY_LC1_2B5
 82.33109,210.84184,SE.Total.SURVEY_LC1_2B7
135.4270,307.4418,SE.Total.SURVEY_LC1_2B8
194.892,  0.000,SE.Total.SURVEY_LC1_2Bx
660.9427,793.2246,SE.Total.SURVEY_LC1_2C1
333.5963,519.0469,SE.Total.SURVEY_LC1_2C2
143.2715,375.3674,SE.Total.SURVEY_LC1_2C3
195.6243,  0.0000,SE.Total.SURVEY_LC1_2Cx
220.6329,320.1383,SE.Total.SURVEY_LC1_2D1
337.6341,304.0791,SE.Total.SURVEY_LC1_2D2
135.3608,  0.0000,SE.Total.SURVEY_LC1_2Dx
260.6748,124.4787,SE.Total.SURVEY_LC1_2E1
266.8545,214.2006,SE.Total.SURVEY_LC1_2E2
124.8566,251.0239,SE.Total.SURVEY_LC1_2E3
0,0,SE.Total.SURVEY_LC1_2Ex
157.71938, 60.13686,SE.Total.SURVEY_LC1_2F1
11.256540, 9.007202,SE.Total.SURVEY_LC1_2F2
222.2883,198.3003,SE.Total.SURVEY_LC1_2F4
20.82300,19.68324,SE.Total.SURVEY_LC1_2G1
20.04211,18.69663,SE.Total.SURVEY_LC1_2G2
0,0,SE.Total.SURVEY_LC1_2G3
0,0,SE.Total.SURVEY_LC1_2G4
0,0,SE.Total.SURVEY_LC1_2Gx
 0.00000,12.21528,SE.Total.SURVEY_LC1_2H1
3.551149,0.000000,SE.Total.SURVEY_LC1_2H2
343.0915,424.0374,SE.Total.SURVEY_LU1_2U11
766.5562,786.2971,SE.Total.SURVEY_LU1_2U12
4.685234,0.000000,SE.Total.SURVEY_LU1_2U13
0,0,SE.Total.SURVEY_LU1_2U14
 0.00000,66.39455,SE.Total.SURVEY_LU1_2U21
51.72138,75.42698,SE.Total.SURVEY_LU1_2U22
114.4485,191.1802,SE.Total.SURVEY_LU1_2U31
4.075242,3.584927,SE.Total.SURVEY_LU1_2U32
 3.853085,13.446250,SE.Total.SURVEY_LU1_2U33
12.97889,20.39395,SE.Total.SURVEY_LU1_2U34
73.96449,43.95996,SE.Total.SURVEY_LU1_2U35
34.85148,22.37165,SE.Total.SURVEY_LU1_2U36
142.1436,120.0676,SE.Total.SURVEY_LU1_2U37
112.2616,207.4491,SE.Total.SURVEY_LU1_2U41
424.5523,390.5121,SE.Total.SURVEY_LU1_2U42
122.0349,124.8894,SE.Total.SURVEY_LC1_3A11
30.70702, 0.00000,SE.Total.SURVEY_LC1_3A12
 8.187885,10.596401,SE.Total.SURVEY_LC1_3A13
28.64008, 0.00000,SE.Total.SURVEY_LC1_3A1x
117.61683, 81.89694,SE.Total.SURVEY_LC1_3A21
119.5639,186.5847,SE.Total.SURVEY_LC1_3A22
5.119807,0.000000,SE.Total.SURVEY_LC1_3A2x
29.26613,22.16446,SE.Total.SURVEY_LC1_3A30
3.147337,0.000000,SE.Total.SURVEY_LC1_3Axx
 9.502065,32.738541,SE.Total.SURVEY_LC1_3B11
 0.00000,25.34746,SE.Total.SURVEY_LC1_3B12
 0.00000,18.53352,SE.Total.SURVEY_LC1_3B13
 0.00000,26.50905,SE.Total.SURVEY_LC1_3B14
17.85693,67.33866,SE.Total.SURVEY_LC1_3B15
38.97274,57.43856,SE.Total.SURVEY_LC1_3B16
13.61206,14.17301,SE.Total.SURVEY_LC1_3B17
7.086124,8.138442,SE.Total.SURVEY_LC1_3B18
0.000000,4.114594,SE.Total.SURVEY_LC1_3B19
 0.00000,11.27086,SE.Total.SURVEY_LC1_3B21
 3.025817,12.142241,SE.Total.SURVEY_LC1_3B23
8.279242,7.086124,SE.Total.SURVEY_LC1_3B31
0.000000,4.660455,SE.Total.SURVEY_LC1_3B41
 0.00000,49.69552,SE.Total.SURVEY_LC1_3B42
 6.602971,34.922726,SE.Total.SURVEY_LC1_3B43
0.000000,1.321827,SE.Total.SURVEY_LC1_3B44
 0.00000,65.35475,SE.Total.SURVEY_LC1_3B53
 7.475004,12.036336,SE.Total.SURVEY_LC1_3B54
  8.027396,100.631536,SE.Total.SURVEY_LC1_3B55
 0.00000,58.91633,SE.Total.SURVEY_LC1_3B71
 5.837388,81.916283,SE.Total.SURVEY_LC1_3B72
 0.00000,16.50836,SE.Total.SURVEY_LC1_3B73
 10.06087,165.44395,SE.Total.SURVEY_LC1_3B74
35.64094,80.44903,SE.Total.SURVEY_LC1_3B75
73.09851,44.30653,SE.Total.SURVEY_LC1_3B76
 5.42623,16.41271,SE.Total.SURVEY_LC1_3B77
101.0295,306.3139,SE.Total.SURVEY_LC1_3B81
 95.19462,225.66675,SE.Total.SURVEY_LC1_3B82
0,0,SE.Total.SURVEY_LC1_3B83
 0.00000,39.82898,SE.Total.SURVEY_LC1_3B84
93.64081, 0.00000,SE.Total.SURVEY_LC1_3Bx1
170.0349,  0.0000,SE.Total.SURVEY_LC1_3Bx2
19.46619, 0.00000,SE.Total.SURVEY_LC1_3Bxx
614.1836,793.2246,SE.Total.SURVEY_LC1_3C10
357.3579,  0.0000,SE.Total.SURVEY_LC1_3C1x
 0.00000,11.06638,SE.Total.SURVEY_LC1_3C21
289.6441,515.3567,SE.Total.SURVEY_LC1_3C22
 5.222986,87.131298,SE.Total.SURVEY_LC1_3C23
172.262,  0.000,SE.Total.SURVEY_LC1_3C2x
7.079403,0.000000,SE.Total.SURVEY_LC1_3C31
 89.06612,317.80967,SE.Total.SURVEY_LC1_3C32
111.4470,212.3861,SE.Total.SURVEY_LC1_3C33
21.44196, 0.00000,SE.Total.SURVEY_LC1_3C3x
195.6243,  0.0000,SE.Total.SURVEY_LC1_3Cxx
217.9124,320.1383,SE.Total.SURVEY_LC1_3D10
36.43788, 0.00000,SE.Total.SURVEY_LC1_3D1x
332.6841,304.0791,SE.Total.SURVEY_LC1_3D20
85.66828, 0.00000,SE.Total.SURVEY_LC1_3D2x
135.3608,  0.0000,SE.Total.SURVEY_LC1_3Dxx
251.9904,124.4787,SE.Total.SURVEY_LC1_3E10
76.9941, 0.0000,SE.Total.SURVEY_LC1_3E1x
260.9670,214.2006,SE.Total.SURVEY_LC1_3E20
77.94417, 0.00000,SE.Total.SURVEY_LC1_3E2x
124.6540,251.0239,SE.Total.SURVEY_LC1_3E30
7.135246,0.000000,SE.Total.SURVEY_LC1_3E3x
0,0,SE.Total.SURVEY_LC1_3Exx
157.73407, 60.13686,SE.Total.SURVEY_LC1_3F10
3.949339,0.000000,SE.Total.SURVEY_LC1_3F1x
11.256540, 9.007202,SE.Total.SURVEY_LC1_3F20
222.2883,198.3003,SE.Total.SURVEY_LC1_3F40
0,0,SE.Total.SURVEY_LC1_3F4x
0,0,SE.Total.SURVEY_LC1_3G10
20.82300,19.68324,SE.Total.SURVEY_LC1_3G11
0,0,SE.Total.SURVEY_LC1_3G12
19.27346,18.69663,SE.Total.SURVEY_LC1_3G21
5.497255,0.000000,SE.Total.SURVEY_LC1_3G2x
0,0,SE.Total.SURVEY_LC1_3G30
0,0,SE.Total.SURVEY_LC1_3G40
0,0,SE.Total.SURVEY_LC1_3Gxx
 0.00000,12.21528,SE.Total.SURVEY_LC1_3H11
3.551149,0.000000,SE.Total.SURVEY_LC1_3H21
0,0,SE.Total.SURVEY_LC1_3H22
0,0,SE.Total.SURVEY_LC1_3H23
342.2958,385.8398,SE.Total.SURVEY_LU1_3U111
 32.23836,209.54987,SE.Total.SURVEY_LU1_3U112
17.65532,94.58146,SE.Total.SURVEY_LU1_3U113
766.5562,786.2971,SE.Total.SURVEY_LU1_3U120
4.685234,0.000000,SE.Total.SURVEY_LU1_3U130
0,0,SE.Total.SURVEY_LU1_3U140
 0.00000,66.39455,SE.Total.SURVEY_LU1_3U210
10.99649,16.66504,SE.Total.SURVEY_LU1_3U221
5.412445,0.000000,SE.Total.SURVEY_LU1_3U222
0,0,SE.Total.SURVEY_LU1_3U223
5.99095,0.00000,SE.Total.SURVEY_LU1_3U224
 0.0000,16.2034,SE.Total.SURVEY_LU1_3U225
50.37520,71.75623,SE.Total.SURVEY_LU1_3U226
5.412445,0.000000,SE.Total.SURVEY_LU1_3U227
 0.00000,48.70331,SE.Total.SURVEY_LU1_3U311
105.3071,183.1276,SE.Total.SURVEY_LU1_3U312
0,0,SE.Total.SURVEY_LU1_3U313
0,0,SE.Total.SURVEY_LU1_3U314
0,0,SE.Total.SURVEY_LU1_3U315
36.51928,28.62270,SE.Total.SURVEY_LU1_3U317
0,0,SE.Total.SURVEY_LU1_3U318
29.24688,21.46437,SE.Total.SURVEY_LU1_3U319
2.588796,3.584927,SE.Total.SURVEY_LU1_3U321
3.147337,0.000000,SE.Total.SURVEY_LU1_3U322
 3.853085,13.446250,SE.Total.SURVEY_LU1_3U330
12.97889,20.39395,SE.Total.SURVEY_LU1_3U341
73.96449,43.95996,SE.Total.SURVEY_LU1_3U350
11.35353,22.37165,SE.Total.SURVEY_LU1_3U361
32.95031, 0.00000,SE.Total.SURVEY_LU1_3U362
142.1436,120.0676,SE.Total.SURVEY_LU1_3U370
8.854935,0.000000,SE.Total.SURVEY_LU1_3U411
10.03663, 0.00000,SE.Total.SURVEY_LU1_3U413
5.835104,8.506102,SE.Total.SURVEY_LU1_3U414
111.3081,207.3291,SE.Total.SURVEY_LU1_3U415
424.5523,390.5121,SE.Total.SURVEY_LU1_3U420
879.4638,871.8427,SE.Total.settlement0
152.5349,201.6169,SE.Total.settlement1
0.01450417,0.01917126,SE.Total.settl_pc
587.7356,570.7059,SE.Total.fao_class_name0
669.8316,774.8619,SE.Total.fao_class_name1
286.0534,253.6414,SE.Total.fao_class_name2
403.6651,579.8324,SE.Total.fao_class_name3
883.6873,875.0327,SE.Total.lue0
137.3018,127.7931,SE.Total.lue1
888.3175,880.0344,SE.Total.lud0
118.9660,203.7798,SE.Total.lud1
36737.70,48917.15,CI.l(95%).Total.area
2267.001,2869.427,CI.l(95%).Total.SURVEY_LC1_1A
 3075.515,10305.917,CI.l(95%).Total.SURVEY_LC1_1B
10724.06,17779.39,CI.l(95%).Total.SURVEY_LC1_1C
8241.284,6022.971,CI.l(95%).Total.SURVEY_LC1_1D
6033.252,7807.235,CI.l(95%).Total.SURVEY_LC1_1E
2597.600,1183.779,CI.l(95%).Total.SURVEY_LC1_1F
1115.3697, 165.5418,CI.l(95%).Total.SURVEY_LC1_1G
147.85166, 23.04343,CI.l(95%).Total.SURVEY_LC1_1H
22232.29,37048.93,CI.l(95%).Total.SURVEY_LU1_1U1
77.67110,69.25646,CI.l(95%).Total.SURVEY_LU1_1U2
2633.711,2965.969,CI.l(95%).Total.SURVEY_LU1_1U3
10660.757, 7409.328,CI.l(95%).Total.SURVEY_LU1_1U4
591.4287,540.6944,CI.l(95%).Total.SURVEY_LC1_2A1
1320.160,1946.559,CI.l(95%).Total.SURVEY_LC1_2A2
23.88105,65.95833,CI.l(95%).Total.SURVEY_LC1_2A3
-0.1419756, 0.0000000,CI.l(95%).Total.SURVEY_LC1_2Ax
 146.5281,1577.9708,CI.l(95%).Total.SURVEY_LC1_2B1
 -0.4866766,100.3151083,CI.l(95%).Total.SURVEY_LC1_2B2
-5.531292,-4.734180,CI.l(95%).Total.SURVEY_LC1_2B3
  4.58306,246.97166,CI.l(95%).Total.SURVEY_LC1_2B4
 19.07856,644.72266,CI.l(95%).Total.SURVEY_LC1_2B5
  57.66438,1433.46351,CI.l(95%).Total.SURVEY_LC1_2B7
 502.392,5273.607,CI.l(95%).Total.SURVEY_LC1_2B8
1877.397,   0.000,CI.l(95%).Total.SURVEY_LC1_2Bx
 7858.558,11895.817,CI.l(95%).Total.SURVEY_LC1_2C1
1117.198,2921.293,CI.l(95%).Total.SURVEY_LC1_2C2
 200.2088,1194.9959,CI.l(95%).Total.SURVEY_LC1_2C3
374.8782,  0.0000,CI.l(95%).Total.SURVEY_LC1_2Cx
2149.315,2852.630,CI.l(95%).Total.SURVEY_LC1_2D1
5601.933,2782.301,CI.l(95%).Total.SURVEY_LC1_2D2
-115.9713,   0.0000,CI.l(95%).Total.SURVEY_LC1_2Dx
1328.627,1235.288,CI.l(95%).Total.SURVEY_LC1_2E1
3820.972,3531.571,CI.l(95%).Total.SURVEY_LC1_2E2
 332.6603,2551.8288,CI.l(95%).Total.SURVEY_LC1_2E3
12.42219, 0.00000,CI.l(95%).Total.SURVEY_LC1_2Ex
671.8270,152.4766,CI.l(95%).Total.SURVEY_LC1_2F1
45.36458,27.31078,CI.l(95%).Total.SURVEY_LC1_2F2
1644.0816, 886.2379,CI.l(95%).Total.SURVEY_LC1_2F4
602.48886, 24.44815,CI.l(95%).Total.SURVEY_LC1_2G1
416.9292,118.9070,CI.l(95%).Total.SURVEY_LC1_2G2
27.9611, 0.0000,CI.l(95%).Total.SURVEY_LC1_2G3
8.44457,0.00000,CI.l(95%).Total.SURVEY_LC1_2G4
8.73034,0.00000,CI.l(95%).Total.SURVEY_LC1_2Gx
14.073377, 4.047117,CI.l(95%).Total.SURVEY_LC1_2H1
133.77829, 18.99631,CI.l(95%).Total.SURVEY_LC1_2H2
 9018.515,17646.755,CI.l(95%).Total.SURVEY_LU1_2U11
12565.56,18694.90,CI.l(95%).Total.SURVEY_LU1_2U12
16.210677, 9.260199,CI.l(95%).Total.SURVEY_LU1_2U13
76.97632,13.63132,CI.l(95%).Total.SURVEY_LU1_2U14
 28.11197,-55.91735,CI.l(95%).Total.SURVEY_LU1_2U21
49.55913,44.15795,CI.l(95%).Total.SURVEY_LU1_2U22
 849.2527,1791.8714,CI.l(95%).Total.SURVEY_LU1_2U31
49.183535, 3.927344,CI.l(95%).Total.SURVEY_LU1_2U32
25.77836,40.82483,CI.l(95%).Total.SURVEY_LU1_2U33
9.654364,9.563248,CI.l(95%).Total.SURVEY_LU1_2U34
125.70896, 22.11014,CI.l(95%).Total.SURVEY_LU1_2U35
134.22444, 68.03333,CI.l(95%).Total.SURVEY_LU1_2U36
990.8430,613.8029,CI.l(95%).Total.SURVEY_LU1_2U37
 459.111,1812.966,CI.l(95%).Total.SURVEY_LU1_2U41
9982.239,5275.898,CI.l(95%).Total.SURVEY_LU1_2U42
467.9261,502.1964,CI.l(95%).Total.SURVEY_LC1_3A11
2.796431,0.000000,CI.l(95%).Total.SURVEY_LC1_3A12
13.20842,18.60327,CI.l(95%).Total.SURVEY_LC1_3A13
-15.93981,  0.00000,CI.l(95%).Total.SURVEY_LC1_3A1x
543.5849,297.8223,CI.l(95%).Total.SURVEY_LC1_3A21
 596.6483,1509.4417,CI.l(95%).Total.SURVEY_LC1_3A22
15.84072, 0.00000,CI.l(95%).Total.SURVEY_LC1_3A2x
23.88105,65.95833,CI.l(95%).Total.SURVEY_LC1_3A30
-0.1419756, 0.0000000,CI.l(95%).Total.SURVEY_LC1_3Axx
-7.096411,78.350867,CI.l(95%).Total.SURVEY_LC1_3B11
0.000000,5.522628,CI.l(95%).Total.SURVEY_LC1_3B12
 0.00000,36.41443,CI.l(95%).Total.SURVEY_LC1_3B13
 0.00000,95.94285,CI.l(95%).Total.SURVEY_LC1_3B14
 12.60099,304.57283,CI.l(95%).Total.SURVEY_LC1_3B15
 56.47447,722.26231,CI.l(95%).Total.SURVEY_LC1_3B16
 9.592377,27.007841,CI.l(95%).Total.SURVEY_LC1_3B17
-4.73418,10.64180,CI.l(95%).Total.SURVEY_LC1_3B18
 0.00000,-1.59245,CI.l(95%).Total.SURVEY_LC1_3B19
 0.00000,35.61887,CI.l(95%).Total.SURVEY_LC1_3B21
-0.4866766,51.2526808,CI.l(95%).Total.SURVEY_LC1_3B23
-5.531292,-4.734180,CI.l(95%).Total.SURVEY_LC1_3B31
0.000000,1.367033,CI.l(95%).Total.SURVEY_LC1_3B41
 0.0000,11.6999,CI.l(95%).Total.SURVEY_LC1_3B42
  0.2042386,174.1461547,CI.l(95%).Total.SURVEY_LC1_3B43
4.378822,1.589251,CI.l(95%).Total.SURVEY_LC1_3B44
  3.850519,160.378780,CI.l(95%).Total.SURVEY_LC1_3B53
-4.993988,21.748531,CI.l(95%).Total.SURVEY_LC1_3B54
 11.30214,349.84195,CI.l(95%).Total.SURVEY_LC1_3B55
 4.194643,30.057795,CI.l(95%).Total.SURVEY_LC1_3B71
-2.896009,25.220952,CI.l(95%).Total.SURVEY_LC1_3B72
0.000000,2.517514,CI.l(95%).Total.SURVEY_LC1_3B73
 29.8733,553.5648,CI.l(95%).Total.SURVEY_LC1_3B74
-14.34506,226.67550,CI.l(95%).Total.SURVEY_LC1_3B75
-50.06914,112.89587,CI.l(95%).Total.SURVEY_LC1_3B76
 -2.648021,-13.558060,CI.l(95%).Total.SURVEY_LC1_3B77
 262.0561,3512.1160,CI.l(95%).Total.SURVEY_LC1_3B81
 121.1757,1168.8785,CI.l(95%).Total.SURVEY_LC1_3B82
0.000000,4.331957,CI.l(95%).Total.SURVEY_LC1_3B83
 0.0000,70.1292,CI.l(95%).Total.SURVEY_LC1_3B84
1104.974,   0.000,CI.l(95%).Total.SURVEY_LC1_3Bx1
606.2875,  0.0000,CI.l(95%).Total.SURVEY_LC1_3Bx2
-6.830592, 0.000000,CI.l(95%).Total.SURVEY_LC1_3Bxx
 6417.451,11895.817,CI.l(95%).Total.SURVEY_LC1_3C10
832.3448,  0.0000,CI.l(95%).Total.SURVEY_LC1_3C1x
 0.000000,-1.045681,CI.l(95%).Total.SURVEY_LC1_3C21
 975.3392,2774.6206,CI.l(95%).Total.SURVEY_LC1_3C22
 -2.489924,-37.512821,CI.l(95%).Total.SURVEY_LC1_3C23
-117.3706,   0.0000,CI.l(95%).Total.SURVEY_LC1_3C2x
0.5254137,0.0000000,CI.l(95%).Total.SURVEY_LC1_3C31
 75.54317,639.04895,CI.l(95%).Total.SURVEY_LC1_3C32
-25.25065,252.48905,CI.l(95%).Total.SURVEY_LC1_3C33
-18.7014,  0.0000,CI.l(95%).Total.SURVEY_LC1_3C3x
374.8782,  0.0000,CI.l(95%).Total.SURVEY_LC1_3Cxx
1969.382,2852.630,CI.l(95%).Total.SURVEY_LC1_3D10
113.8479,  0.0000,CI.l(95%).Total.SURVEY_LC1_3D1x
5301.100,2782.301,CI.l(95%).Total.SURVEY_LC1_3D20
142.6281,  0.0000,CI.l(95%).Total.SURVEY_LC1_3D2x
-115.9713,   0.0000,CI.l(95%).Total.SURVEY_LC1_3Dxx
1098.987,1235.288,CI.l(95%).Total.SURVEY_LC1_3E10
95.75472, 0.00000,CI.l(95%).Total.SURVEY_LC1_3E1x
3388.818,3531.571,CI.l(95%).Total.SURVEY_LC1_3E20
290.926,  0.000,CI.l(95%).Total.SURVEY_LC1_3E2x
 310.4362,2551.8288,CI.l(95%).Total.SURVEY_LC1_3E30
8.63641,0.00000,CI.l(95%).Total.SURVEY_LC1_3E3x
12.42219, 0.00000,CI.l(95%).Total.SURVEY_LC1_3Exx
643.9455,152.4766,CI.l(95%).Total.SURVEY_LC1_3F10
20.11212, 0.00000,CI.l(95%).Total.SURVEY_LC1_3F1x
45.36458,27.31078,CI.l(95%).Total.SURVEY_LC1_3F20
1634.8765, 886.2379,CI.l(95%).Total.SURVEY_LC1_3F40
9.205125,0.000000,CI.l(95%).Total.SURVEY_LC1_3F4x
4.452538,0.000000,CI.l(95%).Total.SURVEY_LC1_3G10
589.00662, 19.80064,CI.l(95%).Total.SURVEY_LC1_3G11
9.029703,4.647513,CI.l(95%).Total.SURVEY_LC1_3G12
398.0195,118.9070,CI.l(95%).Total.SURVEY_LC1_3G21
9.641854,0.000000,CI.l(95%).Total.SURVEY_LC1_3G2x
27.9611, 0.0000,CI.l(95%).Total.SURVEY_LC1_3G30
8.44457,0.00000,CI.l(95%).Total.SURVEY_LC1_3G40
8.73034,0.00000,CI.l(95%).Total.SURVEY_LC1_3Gxx
14.073377, 4.047117,CI.l(95%).Total.SURVEY_LC1_3H11
50.82583,14.23224,CI.l(95%).Total.SURVEY_LC1_3H21
31.786117, 4.764068,CI.l(95%).Total.SURVEY_LC1_3H22
51.16634, 0.00000,CI.l(95%).Total.SURVEY_LC1_3H23
 8535.286,15170.238,CI.l(95%).Total.SURVEY_LU1_3U111
 265.0998,1730.6296,CI.l(95%).Total.SURVEY_LU1_3U112
121.8981,224.6669,CI.l(95%).Total.SURVEY_LU1_3U113
12565.56,18694.90,CI.l(95%).Total.SURVEY_LU1_3U120
16.210677, 9.260199,CI.l(95%).Total.SURVEY_LU1_3U130
76.97632,13.63132,CI.l(95%).Total.SURVEY_LU1_3U140
 28.11197,-55.91735,CI.l(95%).Total.SURVEY_LU1_3U210
-8.084831, 8.254977,CI.l(95%).Total.SURVEY_LU1_3U221
-2.685189, 0.000000,CI.l(95%).Total.SURVEY_LU1_3U222
13.40702, 0.00000,CI.l(95%).Total.SURVEY_LU1_3U223
-2.972194, 0.000000,CI.l(95%).Total.SURVEY_LU1_3U224
 0.000000,-5.687129,CI.l(95%).Total.SURVEY_LU1_3U225
  0.7068161,-15.6363010,CI.l(95%).Total.SURVEY_LU1_3U226
-2.685189, 0.000000,CI.l(95%).Total.SURVEY_LU1_3U227
8.647964,6.004413,CI.l(95%).Total.SURVEY_LU1_3U311
 649.9642,1555.1891,CI.l(95%).Total.SURVEY_LU1_3U312
31.539429, 3.913014,CI.l(95%).Total.SURVEY_LU1_3U313
17.073649, 4.291855,CI.l(95%).Total.SURVEY_LU1_3U314
0.00000,4.98433,CI.l(95%).Total.SURVEY_LU1_3U315
34.829839,-4.730236,CI.l(95%).Total.SURVEY_LU1_3U317
0.000000,4.488171,CI.l(95%).Total.SURVEY_LU1_3U318
-3.784859,39.888141,CI.l(95%).Total.SURVEY_LU1_3U319
28.152683, 3.927344,CI.l(95%).Total.SURVEY_LU1_3U321
17.77556, 0.00000,CI.l(95%).Total.SURVEY_LU1_3U322
25.77836,40.82483,CI.l(95%).Total.SURVEY_LU1_3U330
9.654364,9.563248,CI.l(95%).Total.SURVEY_LU1_3U341
125.70896, 22.11014,CI.l(95%).Total.SURVEY_LU1_3U350
65.93806,51.18626,CI.l(95%).Total.SURVEY_LU1_3U361
49.76010,16.84706,CI.l(95%).Total.SURVEY_LU1_3U362
990.8430,613.8029,CI.l(95%).Total.SURVEY_LU1_3U370
-1.320543, 0.000000,CI.l(95%).Total.SURVEY_LU1_3U411
-7.379119, 0.000000,CI.l(95%).Total.SURVEY_LU1_3U413
15.799892, 3.298452,CI.l(95%).Total.SURVEY_LU1_3U414
 405.4164,1793.2313,CI.l(95%).Total.SURVEY_LU1_3U415
9982.239,5275.898,CI.l(95%).Total.SURVEY_LU1_3U420
33661.31,45160.61,CI.l(95%).Total.settlement0
2791.670,3362.788,CI.l(95%).Total.settlement1
0.2654531,0.3197593,CI.l(95%).Total.settl_pc
22374.37,21370.07,CI.l(95%).Total.fao_class_name0
 7254.412,14853.190,CI.l(95%).Total.fao_class_name1
1967.194,2040.780,CI.l(95%).Total.fao_class_name2
3063.073,8092.458,CI.l(95%).Total.fao_class_name3
34965.92,47793.49,CI.l(95%).Total.lue0
1508.6340, 868.3469,CI.l(95%).Total.lue1
35314.50,46377.96,CI.l(95%).Total.lud0
1186.919,2125.146,CI.l(95%).Total.lud1
40213.62,52337.53,CI.u(95%).Total.area
2848.566,3589.023,CI.u(95%).Total.SURVEY_LC1_1A
 4040.19,11473.42,CI.u(95%).Total.SURVEY_LC1_1B
13604.60,20860.25,CI.u(95%).Total.SURVEY_LC1_1C
9748.241,7693.779,CI.u(95%).Total.SURVEY_LC1_1D
7513.417,9141.734,CI.u(95%).Total.SURVEY_LC1_1E
3658.674,1996.634,CI.u(95%).Total.SURVEY_LC1_1F
1173.9268, 271.6148,CI.u(95%).Total.SURVEY_LC1_1G
161.77191, 70.92645,CI.u(95%).Total.SURVEY_LC1_1H
25490.35,40424.60,CI.u(95%).Total.SURVEY_LU1_1U1
280.4152,463.1549,CI.u(95%).Total.SURVEY_LU1_1U2
3249.907,3761.085,CI.u(95%).Total.SURVEY_LU1_1U3
12326.216, 9112.366,CI.u(95%).Total.SURVEY_LU1_1U4
1087.654,1032.000,CI.u(95%).Total.SURVEY_LC1_2A1
1941.789,2720.398,CI.u(95%).Total.SURVEY_LC1_2A2
138.6022,152.8414,CI.u(95%).Total.SURVEY_LC1_2A3
12.19536, 0.00000,CI.u(95%).Total.SURVEY_LC1_2Ax
 328.2974,1977.2379,CI.u(95%).Total.SURVEY_LC1_2B1
 11.37431,165.20567,CI.u(95%).Total.SURVEY_LC1_2B2
26.92274,23.04292,CI.u(95%).Total.SURVEY_LC1_2B3
 30.46623,485.78056,CI.u(95%).Total.SURVEY_LC1_2B4
  62.00708,1117.05173,CI.u(95%).Total.SURVEY_LC1_2B5
 380.3963,2259.9483,CI.u(95%).Total.SURVEY_LC1_2B7
1033.256,6478.757,CI.u(95%).Total.SURVEY_LC1_2B8
2641.36,   0.00,CI.u(95%).Total.SURVEY_LC1_2Bx
10449.41,15005.20,CI.u(95%).Total.SURVEY_LC1_2C1
2424.871,4955.920,CI.u(95%).Total.SURVEY_LC1_2C2
 761.8228,2666.4093,CI.u(95%).Total.SURVEY_LC1_2C3
1141.711,   0.000,CI.u(95%).Total.SURVEY_LC1_2Cx
3014.18,4107.55,CI.u(95%).Total.SURVEY_LC1_2D1
6925.435,3974.269,CI.u(95%).Total.SURVEY_LC1_2D2
414.6332,  0.0000,CI.u(95%).Total.SURVEY_LC1_2Dx
2350.453,1723.236,CI.u(95%).Total.SURVEY_LC1_2E1
4867.023,4371.221,CI.u(95%).Total.SURVEY_LC1_2E2
 822.0891,3535.8245,CI.u(95%).Total.SURVEY_LC1_2E3
12.42219, 0.00000,CI.u(95%).Total.SURVEY_LC1_2Ex
1290.0756, 388.2088,CI.u(95%).Total.SURVEY_LC1_2F1
89.48941,62.61837,CI.u(95%).Total.SURVEY_LC1_2F2
2515.436,1663.561,CI.u(95%).Total.SURVEY_LC1_2F4
684.1135,101.6050,CI.u(95%).Total.SURVEY_LC1_2G1
495.4928,192.1965,CI.u(95%).Total.SURVEY_LC1_2G2
27.9611, 0.0000,CI.u(95%).Total.SURVEY_LC1_2G3
8.44457,0.00000,CI.u(95%).Total.SURVEY_LC1_2G4
8.73034,0.00000,CI.u(95%).Total.SURVEY_LC1_2Gx
14.07338,51.93014,CI.u(95%).Total.SURVEY_LC1_2H1
147.69853, 18.99631,CI.u(95%).Total.SURVEY_LC1_2H2
10363.41,19308.95,CI.u(95%).Total.SURVEY_LU1_2U11
15570.41,21777.13,CI.u(95%).Total.SURVEY_LU1_2U12
34.576457, 9.260199,CI.u(95%).Total.SURVEY_LU1_2U13
76.97632,13.63132,CI.u(95%).Total.SURVEY_LU1_2U14
 28.11197,204.34452,CI.u(95%).Total.SURVEY_LU1_2U21
252.3032,339.8263,CI.u(95%).Total.SURVEY_LU1_2U22
1297.883,2541.284,CI.u(95%).Total.SURVEY_LU1_2U31
65.15819,17.98000,CI.u(95%).Total.SURVEY_LU1_2U32
40.88218,93.53316,CI.u(95%).Total.SURVEY_LU1_2U33
60.53069,89.50605,CI.u(95%).Total.SURVEY_LU1_2U34
415.6445,194.4300,CI.u(95%).Total.SURVEY_LU1_2U35
270.8397,155.7286,CI.u(95%).Total.SURVEY_LU1_2U36
1548.036,1084.459,CI.u(95%).Total.SURVEY_LU1_2U37
 899.1686,2626.1519,CI.u(95%).Total.SURVEY_LU1_2U41
11646.454, 6806.678,CI.u(95%).Total.SURVEY_LU1_2U42
946.2942,991.7540,CI.u(95%).Total.SURVEY_LC1_3A11
123.1657,  0.0000,CI.u(95%).Total.SURVEY_LC1_3A12
45.30434,60.14040,CI.u(95%).Total.SURVEY_LC1_3A13
96.32725, 0.00000,CI.u(95%).Total.SURVEY_LC1_3A1x
1004.6343, 618.8524,CI.u(95%).Total.SURVEY_LC1_3A21
1065.33,2240.84,CI.u(95%).Total.SURVEY_LC1_3A22
35.91, 0.00,CI.u(95%).Total.SURVEY_LC1_3A2x
138.6022,152.8414,CI.u(95%).Total.SURVEY_LC1_3A30
12.19536, 0.00000,CI.u(95%).Total.SURVEY_LC1_3Axx
 30.1510,206.6836,CI.u(95%).Total.SURVEY_LC1_3B11
  0.0000,104.8828,CI.u(95%).Total.SURVEY_LC1_3B12
  0.0000,109.0645,CI.u(95%).Total.SURVEY_LC1_3B13
  0.0000,199.8564,CI.u(95%).Total.SURVEY_LC1_3B14
 82.59885,568.53554,CI.u(95%).Total.SURVEY_LC1_3B15
209.2448,947.4173,CI.u(95%).Total.SURVEY_LC1_3B16
62.95069,82.56503,CI.u(95%).Total.SURVEY_LC1_3B17
23.04292,42.54391,CI.u(95%).Total.SURVEY_LC1_3B18
 0.00000,14.53646,CI.u(95%).Total.SURVEY_LC1_3B19
 0.00000,79.79983,CI.u(95%).Total.SURVEY_LC1_3B21
11.37431,98.84939,CI.u(95%).Total.SURVEY_LC1_3B23
26.92274,23.04292,CI.u(95%).Total.SURVEY_LC1_3B31
 0.00000,19.63568,CI.u(95%).Total.SURVEY_LC1_3B41
  0.0000,206.5028,CI.u(95%).Total.SURVEY_LC1_3B42
 26.08741,311.04072,CI.u(95%).Total.SURVEY_LC1_3B43
4.378822,6.770718,CI.u(95%).Total.SURVEY_LC1_3B44
  3.850519,416.564694,CI.u(95%).Total.SURVEY_LC1_3B53
24.30749,68.93010,CI.u(95%).Total.SURVEY_LC1_3B54
 42.76896,744.31033,CI.u(95%).Total.SURVEY_LC1_3B55
  4.194643,261.005565,CI.u(95%).Total.SURVEY_LC1_3B71
 19.98613,346.32688,CI.u(95%).Total.SURVEY_LC1_3B72
 0.00000,67.22909,CI.u(95%).Total.SURVEY_LC1_3B73
  69.3112,1202.0932,CI.u(95%).Total.SURVEY_LC1_3B74
125.3649,542.0299,CI.u(95%).Total.SURVEY_LC1_3B75
236.4717,286.5743,CI.u(95%).Total.SURVEY_LC1_3B76
18.62241,50.77860,CI.u(95%).Total.SURVEY_LC1_3B77
 658.0844,4712.8445,CI.u(95%).Total.SURVEY_LC1_3B81
 494.3318,2053.4759,CI.u(95%).Total.SURVEY_LC1_3B82
0.000000,4.331957,CI.u(95%).Total.SURVEY_LC1_3B83
  0.0000,226.2559,CI.u(95%).Total.SURVEY_LC1_3B84
1472.039,   0.000,CI.u(95%).Total.SURVEY_LC1_3Bx1
1272.812,   0.000,CI.u(95%).Total.SURVEY_LC1_3Bx2
69.47547, 0.00000,CI.u(95%).Total.SURVEY_LC1_3Bxx
 8825.006,15005.200,CI.u(95%).Total.SURVEY_LC1_3C10
2233.162,   0.000,CI.u(95%).Total.SURVEY_LC1_3C1x
 0.00000,42.33375,CI.u(95%).Total.SURVEY_LC1_3C21
2110.723,4794.782,CI.u(95%).Total.SURVEY_LC1_3C22
 17.98381,304.03559,CI.u(95%).Total.SURVEY_LC1_3C23
557.884,  0.000,CI.u(95%).Total.SURVEY_LC1_3C2x
28.27616, 0.00000,CI.u(95%).Total.SURVEY_LC1_3C31
 424.6759,1884.8400,CI.u(95%).Total.SURVEY_LC1_3C32
 411.6134,1085.0272,CI.u(95%).Total.SURVEY_LC1_3C33
65.34952, 0.00000,CI.u(95%).Total.SURVEY_LC1_3C3x
1141.711,   0.000,CI.u(95%).Total.SURVEY_LC1_3Cxx
2823.583,4107.550,CI.u(95%).Total.SURVEY_LC1_3D10
256.6817,  0.0000,CI.u(95%).Total.SURVEY_LC1_3D1x
6605.198,3974.269,CI.u(95%).Total.SURVEY_LC1_3D20
478.4416,  0.0000,CI.u(95%).Total.SURVEY_LC1_3D2x
414.6332,  0.0000,CI.u(95%).Total.SURVEY_LC1_3Dxx
2086.772,1723.236,CI.u(95%).Total.SURVEY_LC1_3E10
397.566,  0.000,CI.u(95%).Total.SURVEY_LC1_3E1x
4411.790,4371.221,CI.u(95%).Total.SURVEY_LC1_3E20
596.4615,  0.0000,CI.u(95%).Total.SURVEY_LC1_3E2x
 799.0708,3535.8245,CI.u(95%).Total.SURVEY_LC1_3E30
36.60606, 0.00000,CI.u(95%).Total.SURVEY_LC1_3E3x
12.42219, 0.00000,CI.u(95%).Total.SURVEY_LC1_3Exx
1262.2517, 388.2088,CI.u(95%).Total.SURVEY_LC1_3F10
35.59324, 0.00000,CI.u(95%).Total.SURVEY_LC1_3F1x
89.48941,62.61837,CI.u(95%).Total.SURVEY_LC1_3F20
2506.231,1663.561,CI.u(95%).Total.SURVEY_LC1_3F40
9.205125,0.000000,CI.u(95%).Total.SURVEY_LC1_3F4x
4.452538,0.000000,CI.u(95%).Total.SURVEY_LC1_3G10
670.63126, 96.95752,CI.u(95%).Total.SURVEY_LC1_3G11
9.029703,4.647513,CI.u(95%).Total.SURVEY_LC1_3G12
473.5700,192.1965,CI.u(95%).Total.SURVEY_LC1_3G21
31.1907, 0.0000,CI.u(95%).Total.SURVEY_LC1_3G2x
27.9611, 0.0000,CI.u(95%).Total.SURVEY_LC1_3G30
8.44457,0.00000,CI.u(95%).Total.SURVEY_LC1_3G40
8.73034,0.00000,CI.u(95%).Total.SURVEY_LC1_3Gxx
14.07338,51.93014,CI.u(95%).Total.SURVEY_LC1_3H11
64.74608,14.23224,CI.u(95%).Total.SURVEY_LC1_3H21
31.786117, 4.764068,CI.u(95%).Total.SURVEY_LC1_3H22
51.16634, 0.00000,CI.u(95%).Total.SURVEY_LC1_3H23
 9877.061,16682.702,CI.u(95%).Total.SURVEY_LU1_3U111
 391.4718,2552.0500,CI.u(95%).Total.SURVEY_LU1_3U112
191.1057,595.4194,CI.u(95%).Total.SURVEY_LU1_3U113
15570.41,21777.13,CI.u(95%).Total.SURVEY_LU1_3U120
34.576457, 9.260199,CI.u(95%).Total.SURVEY_LU1_3U130
76.97632,13.63132,CI.u(95%).Total.SURVEY_LU1_3U140
 28.11197,204.34452,CI.u(95%).Total.SURVEY_LU1_3U210
35.02062,73.58074,CI.u(95%).Total.SURVEY_LU1_3U221
18.5312, 0.0000,CI.u(95%).Total.SURVEY_LU1_3U222
13.40702, 0.00000,CI.u(95%).Total.SURVEY_LU1_3U223
20.5119, 0.0000,CI.u(95%).Total.SURVEY_LU1_3U224
 0.00000,57.82901,CI.u(95%).Total.SURVEY_LU1_3U225
198.1740,265.6429,CI.u(95%).Total.SURVEY_LU1_3U226
18.5312, 0.0000,CI.u(95%).Total.SURVEY_LU1_3U227
  8.647964,196.917864,CI.u(95%).Total.SURVEY_LU1_3U311
1062.760,2273.036,CI.u(95%).Total.SURVEY_LU1_3U312
31.539429, 3.913014,CI.u(95%).Total.SURVEY_LU1_3U313
17.073649, 4.291855,CI.u(95%).Total.SURVEY_LU1_3U314
0.00000,4.98433,CI.u(95%).Total.SURVEY_LU1_3U315
177.9828,107.4687,CI.u(95%).Total.SURVEY_LU1_3U317
0.000000,4.488171,CI.u(95%).Total.SURVEY_LU1_3U318
110.8608,124.0269,CI.u(95%).Total.SURVEY_LU1_3U319
38.30058,17.98000,CI.u(95%).Total.SURVEY_LU1_3U321
30.1129, 0.0000,CI.u(95%).Total.SURVEY_LU1_3U322
40.88218,93.53316,CI.u(95%).Total.SURVEY_LU1_3U330
60.53069,89.50605,CI.u(95%).Total.SURVEY_LU1_3U341
415.6445,194.4300,CI.u(95%).Total.SURVEY_LU1_3U350
110.4431,138.8815,CI.u(95%).Total.SURVEY_LU1_3U361
178.92293, 16.84706,CI.u(95%).Total.SURVEY_LU1_3U362
1548.036,1084.459,CI.u(95%).Total.SURVEY_LU1_3U370
33.39016, 0.00000,CI.u(95%).Total.SURVEY_LU1_3U411
31.96373, 0.00000,CI.u(95%).Total.SURVEY_LU1_3U413
38.67308,36.64176,CI.u(95%).Total.SURVEY_LU1_3U414
 841.736,2605.946,CI.u(95%).Total.SURVEY_LU1_3U415
11646.454, 6806.678,CI.u(95%).Total.SURVEY_LU1_3U420
37108.74,48578.17,CI.u(95%).Total.settlement0
3389.596,4153.111,CI.u(95%).Total.settlement1
0.3223084,0.3949093,CI.u(95%).Total.settl_pc
24678.25,23607.20,CI.u(95%).Total.fao_class_name0
 9880.104,17890.593,CI.u(95%).Total.fao_class_name1
3088.503,3035.036,CI.u(95%).Total.fao_class_name2
 4645.411,10365.359,CI.u(95%).Total.fao_class_name3
38429.91,51223.56,CI.u(95%).Total.lue0
2046.847,1369.287,CI.u(95%).Total.lue1
38796.64,49827.63,CI.u(95%).Total.lud0
1653.257,2923.949,CI.u(95%).Total.lud1
0.02304655,0.01723499,CV.Total.area
0.05800378,0.05684765,CV.Total.SURVEY_LC1_1A
0.06916953,0.02735058,CV.Total.SURVEY_LC1_1B
0.06040992,0.04068093,CV.Total.SURVEY_LC1_1C
0.04273988,0.06214802,CV.Total.SURVEY_LC1_1D
0.05574805,0.04017231,CV.Total.SURVEY_LC1_1E
0.08653298,0.13040129,CV.Total.SURVEY_LC1_1F
0.01305058,0.12379977,CV.Total.SURVEY_LC1_1G
0.02293849,0.25998290,CV.Total.SURVEY_LC1_1H
0.03483263,0.02223098,CV.Total.SURVEY_LU1_1U1
0.2888766,0.3774756,CV.Total.SURVEY_LU1_1U2
0.05343504,0.06030555,CV.Total.SURVEY_LU1_1U3
0.03696613,0.05259222,CV.Total.SURVEY_LU1_1U4
0.1507852,0.1593893,CV.Total.SURVEY_LC1_2A1
0.09723134,0.08459972,CV.Total.SURVEY_LC1_2A2
0.3602357,0.2026004,CV.Total.SURVEY_LC1_2A3
0.522233,NA,CV.Total.SURVEY_LC1_2Ax
0.19531624,0.05729943,CV.Total.SURVEY_LC1_2B1
0.5558265,0.1246909,CV.Total.SURVEY_LC1_2B2
0.7740703,0.7740703,CV.Total.SURVEY_LC1_2B3
0.376782,0.166282,CV.Total.SURVEY_LC1_2B4
0.2701182,0.1367875,CV.Total.SURVEY_LC1_2B5
0.3758890,0.1141719,CV.Total.SURVEY_LC1_2B7
0.1763776,0.0523200,CV.Total.SURVEY_LC1_2B8
0.08625912,NA,CV.Total.SURVEY_LC1_2Bx
0.07220275,0.05897357,CV.Total.SURVEY_LC1_2C1
0.1883624,0.1317844,CV.Total.SURVEY_LC1_2C2
0.2978520,0.1944201,CV.Total.SURVEY_LC1_2C3
0.2579792,NA,CV.Total.SURVEY_LC1_2Cx
0.08545874,0.09199139,CV.Total.SURVEY_LC1_2D1
0.05390344,0.09000991,CV.Total.SURVEY_LC1_2D2
0.9064482,NA,CV.Total.SURVEY_LC1_2Dx
0.14170653,0.08414919,CV.Total.SURVEY_LC1_2E1
0.06143062,0.05420883,CV.Total.SURVEY_LC1_2E2
0.21624876,0.08246985,CV.Total.SURVEY_LC1_2E3
  0,NA,CV.Total.SURVEY_LC1_2Ex
0.1607821,0.2224468,CV.Total.SURVEY_LC1_2F1
0.1669441,0.2003177,CV.Total.SURVEY_LC1_2F2
0.1068818,0.1555419,CV.Total.SURVEY_LC1_2F4
0.03236897,0.31230057,CV.Total.SURVEY_LC1_2G1
0.04393166,0.12019561,CV.Total.SURVEY_LC1_2G2
  0,NA,CV.Total.SURVEY_LC1_2G3
  0,NA,CV.Total.SURVEY_LC1_2G4
  0,NA,CV.Total.SURVEY_LC1_2Gx
0.0000000,0.4364373,CV.Total.SURVEY_LC1_2H1
0.02523227,0.00000000,CV.Total.SURVEY_LC1_2H2
0.03540325,0.02294841,CV.Total.SURVEY_LU1_2U11
0.05448940,0.03885632,CV.Total.SURVEY_LU1_2U12
0.1845048,0.0000000,CV.Total.SURVEY_LU1_2U13
0,0,CV.Total.SURVEY_LU1_2U14
0.0000000,0.8946416,CV.Total.SURVEY_LU1_2U21
0.3426819,0.3928650,CV.Total.SURVEY_LU1_2U22
0.10660578,0.08824065,CV.Total.SURVEY_LU1_2U31
0.07128179,0.32728085,CV.Total.SURVEY_LU1_2U32
0.1156032,0.2001556,CV.Total.SURVEY_LU1_2U33
0.3698478,0.4117107,CV.Total.SURVEY_LU1_2U34
0.2732577,0.4060213,CV.Total.SURVEY_LU1_2U35
0.1720788,0.1999594,CV.Total.SURVEY_LU1_2U36
0.1119735,0.1414005,CV.Total.SURVEY_LU1_2U37
0.16529977,0.09346413,CV.Total.SURVEY_LU1_2U41
0.03925825,0.06464053,CV.Total.SURVEY_LU1_2U42
0.1725826,0.1671935,CV.Total.SURVEY_LC1_3A11
0.4875594,NA,CV.Total.SURVEY_LC1_3A12
0.2798666,0.2691366,CV.Total.SURVEY_LC1_3A13
0.7125512,NA,CV.Total.SURVEY_LC1_3A1x
0.1519382,0.1786827,CV.Total.SURVEY_LC1_3A21
0.14388142,0.09950436,CV.Total.SURVEY_LC1_3A22
0.1978642,NA,CV.Total.SURVEY_LC1_3A2x
0.3602357,0.2026004,CV.Total.SURVEY_LC1_3A30
0.522233,NA,CV.Total.SURVEY_LC1_3Axx
0.8243101,0.2297164,CV.Total.SURVEY_LC1_3B11
NA,0.4591703,CV.Total.SURVEY_LC1_3B12
NA,0.2547932,CV.Total.SURVEY_LC1_3B13
NA,0.1792368,CV.Total.SURVEY_LC1_3B14
0.3751461,0.1542504,CV.Total.SURVEY_LC1_3B15
0.29333768,0.06880189,CV.Total.SURVEY_LC1_3B16
0.3752823,0.2586957,CV.Total.SURVEY_LC1_3B17
0.7740703,0.3060387,CV.Total.SURVEY_LC1_3B18
NA,0.6357525,CV.Total.SURVEY_LC1_3B19
NA,0.1953039,CV.Total.SURVEY_LC1_3B21
0.5558265,0.1617865,CV.Total.SURVEY_LC1_3B23
0.7740703,0.7740703,CV.Total.SURVEY_LC1_3B31
NA,0.4437955,CV.Total.SURVEY_LC1_3B41
NA,0.4554988,CV.Total.SURVEY_LC1_3B42
0.5022866,0.1439558,CV.Total.SURVEY_LC1_3B43
0.0000000,0.3162278,CV.Total.SURVEY_LC1_3B44
0.0000000,0.2265551,CV.Total.SURVEY_LC1_3B53
0.7740703,0.2654724,CV.Total.SURVEY_LC1_3B54
0.2969200,0.1839443,CV.Total.SURVEY_LC1_3B55
0.0000000,0.4048351,CV.Total.SURVEY_LC1_3B71
0.6831301,0.4409461,CV.Total.SURVEY_LC1_3B72
NA,0.473381,CV.Total.SURVEY_LC1_3B73
0.2028719,0.1884695,CV.Total.SURVEY_LC1_3B74
0.6420646,0.2093104,CV.Total.SURVEY_LC1_3B75
0.7843078,0.2218265,CV.Total.SURVEY_LC1_3B76
0.6793662,0.8819171,CV.Total.SURVEY_LC1_3B77
0.21959581,0.07448398,CV.Total.SURVEY_LC1_3B81
0.3093207,0.1400633,CV.Total.SURVEY_LC1_3B82
NA,  0,CV.Total.SURVEY_LC1_3B83
NA,0.268765,CV.Total.SURVEY_LC1_3B84
0.07267392,NA,CV.Total.SURVEY_LC1_3Bx1
0.1809749,NA,CV.Total.SURVEY_LC1_3Bx2
0.6214775,NA,CV.Total.SURVEY_LC1_3Bxx
0.08058853,0.05897357,CV.Total.SURVEY_LC1_3C10
0.2331477,NA,CV.Total.SURVEY_LC1_3C1x
NA,0.5360573,CV.Total.SURVEY_LC1_3C21
0.1877111,0.1361684,CV.Total.SURVEY_LC1_3C22
0.6741999,0.6538376,CV.Total.SURVEY_LC1_3C23
0.7820965,NA,CV.Total.SURVEY_LC1_3C2x
0.4915983,NA,CV.Total.SURVEY_LC1_3C31
0.3561084,0.2518413,CV.Total.SURVEY_LC1_3C32
0.5769032,0.3175828,CV.Total.SURVEY_LC1_3C33
0.9193064,NA,CV.Total.SURVEY_LC1_3C3x
0.2579792,NA,CV.Total.SURVEY_LC1_3Cxx
0.09093010,0.09199139,CV.Total.SURVEY_LC1_3D10
0.19668,NA,CV.Total.SURVEY_LC1_3D1x
0.05588372,0.09000991,CV.Total.SURVEY_LC1_3D20
0.2758733,NA,CV.Total.SURVEY_LC1_3D2x
0.9064482,NA,CV.Total.SURVEY_LC1_3Dxx
0.15819807,0.08414919,CV.Total.SURVEY_LC1_3E10
0.3121462,NA,CV.Total.SURVEY_LC1_3E1x
0.06690940,0.05420883,CV.Total.SURVEY_LC1_3E20
0.1756711,NA,CV.Total.SURVEY_LC1_3E2x
0.22470158,0.08246985,CV.Total.SURVEY_LC1_3E30
0.3154225,NA,CV.Total.SURVEY_LC1_3E3x
  0,NA,CV.Total.SURVEY_LC1_3Exx
0.1654961,0.2224468,CV.Total.SURVEY_LC1_3F10
0.1417938,NA,CV.Total.SURVEY_LC1_3F1x
0.1669441,0.2003177,CV.Total.SURVEY_LC1_3F20
0.1073569,0.1555419,CV.Total.SURVEY_LC1_3F40
  0,NA,CV.Total.SURVEY_LC1_3F4x
  0,NA,CV.Total.SURVEY_LC1_3G10
0.03306188,0.33716258,CV.Total.SURVEY_LC1_3G11
0,0,CV.Total.SURVEY_LC1_3G12
0.0442260,0.1201956,CV.Total.SURVEY_LC1_3G21
0.2692585,NA,CV.Total.SURVEY_LC1_3G2x
  0,NA,CV.Total.SURVEY_LC1_3G30
  0,NA,CV.Total.SURVEY_LC1_3G40
  0,NA,CV.Total.SURVEY_LC1_3Gxx
0.0000000,0.4364373,CV.Total.SURVEY_LC1_3H11
0.0614535,0.0000000,CV.Total.SURVEY_LC1_3H21
0,0,CV.Total.SURVEY_LC1_3H22
  0,NA,CV.Total.SURVEY_LC1_3H23
0.03718111,0.02422632,CV.Total.SURVEY_LU1_3U111
0.09820212,0.09785923,CV.Total.SURVEY_LU1_3U112
0.1128121,0.2306622,CV.Total.SURVEY_LU1_3U113
0.05448940,0.03885632,CV.Total.SURVEY_LU1_3U120
0.1845048,0.0000000,CV.Total.SURVEY_LU1_3U130
0,0,CV.Total.SURVEY_LU1_3U140
0.0000000,0.8946416,CV.Total.SURVEY_LU1_3U210
0.8164966,0.4072804,CV.Total.SURVEY_LU1_3U221
0.6831301,NA,CV.Total.SURVEY_LU1_3U222
  0,NA,CV.Total.SURVEY_LU1_3U223
0.6831301,NA,CV.Total.SURVEY_LU1_3U224
NA,0.6215117,CV.Total.SURVEY_LU1_3U225
0.5065869,0.5740346,CV.Total.SURVEY_LU1_3U226
0.6831301,NA,CV.Total.SURVEY_LU1_3U227
0.0000000,0.4800193,CV.Total.SURVEY_LU1_3U311
0.12297026,0.09567231,CV.Total.SURVEY_LU1_3U312
0,0,CV.Total.SURVEY_LU1_3U313
0,0,CV.Total.SURVEY_LU1_3U314
NA,  0,CV.Total.SURVEY_LU1_3U315
0.3432060,0.5571955,CV.Total.SURVEY_LU1_3U317
NA,  0,CV.Total.SURVEY_LU1_3U318
0.5462829,0.2618963,CV.Total.SURVEY_LU1_3U319
0.0779133,0.3272808,CV.Total.SURVEY_LU1_3U321
0.1314445,NA,CV.Total.SURVEY_LU1_3U322
0.1156032,0.2001556,CV.Total.SURVEY_LU1_3U330
0.3698478,0.4117107,CV.Total.SURVEY_LU1_3U341
0.2732577,0.4060213,CV.Total.SURVEY_LU1_3U350
0.1287386,0.2354071,CV.Total.SURVEY_LU1_3U361
0.2881745,0.0000000,CV.Total.SURVEY_LU1_3U362
0.1119735,0.1414005,CV.Total.SURVEY_LU1_3U370
0.552232,NA,CV.Total.SURVEY_LU1_3U411
0.8164966,NA,CV.Total.SURVEY_LU1_3U413
0.2142385,0.4259418,CV.Total.SURVEY_LU1_3U414
0.17849955,0.09425812,CV.Total.SURVEY_LU1_3U415
0.03925825,0.06464053,CV.Total.SURVEY_LU1_3U420
0.02485412,0.01860154,CV.Total.settlement0
0.04935393,0.05365076,CV.Total.settlement1
0.04935393,0.05365076,CV.Total.settl_pc
0.02498206,0.02537752,CV.Total.fao_class_name0
0.07818506,0.04732880,CV.Total.fao_class_name1
0.11316085,0.09994113,CV.Total.fao_class_name2
0.10473267,0.06282785,CV.Total.fao_class_name3
0.02408004,0.01767438,CV.Total.lue0
0.07723387,0.11422164,CV.Total.lue1
0.02397258,0.01829487,CV.Total.lud0
0.08377370,0.08071936,CV.Total.lud1
