No,Yes,variable
276185.2,171234.7,Total.area
3869.612,4405.375,Total.SURVEY_LC1_1A
 3134.089,13498.196,Total.SURVEY_LC1_1B
150370.0,125988.9,Total.SURVEY_LC1_1C
30606.028, 4404.364,Total.SURVEY_LC1_1D
 7140.91,18611.15,Total.SURVEY_LC1_1E
17478.902, 1798.268,Total.SURVEY_LC1_1F
39187.8479,  537.2312,Total.SURVEY_LC1_1G
24397.748, 1991.293,Total.SURVEY_LC1_1H
134072.2,149685.8,Total.SURVEY_LU1_1U1
1805.01784,  24.22619,Total.SURVEY_LU1_1U2
42426.203, 9678.012,Total.SURVEY_LU1_1U3
97881.77,11846.69,Total.SURVEY_LU1_1U4
964.9891,642.2767,Total.SURVEY_LC1_2A1
2571.334,3281.573,Total.SURVEY_LC1_2A2
333.2883,481.5251,Total.SURVEY_LC1_2A3
 637.1941,7567.7890,Total.SURVEY_LC1_2B1
  0.000,514.981,Total.SURVEY_LC1_2B2
108.6422,981.5262,Total.SURVEY_LC1_2B3
 49.98599,455.79635,Total.SURVEY_LC1_2B4
  84.75045,3835.41397,Total.SURVEY_LC1_2B5
16.46135,95.65706,Total.SURVEY_LC1_2B7
 0.000,47.032,Total.SURVEY_LC1_2B8
2237.055,   0.000,Total.SURVEY_LC1_2Bx
10028.79,14988.16,Total.SURVEY_LC1_2C1
91770.35,65285.01,Total.SURVEY_LC1_2C2
48296.80,45715.69,Total.SURVEY_LC1_2C3
274.104,  0.000,Total.SURVEY_LC1_2Cx
5496.090,2501.018,Total.SURVEY_LC1_2D1
25055.332, 1903.346,Total.SURVEY_LC1_2D2
54.6067, 0.0000,Total.SURVEY_LC1_2Dx
1137.905,3301.645,Total.SURVEY_LC1_2E1
 3749.412,12557.369,Total.SURVEY_LC1_2E2
2241.561,2752.131,Total.SURVEY_LC1_2E3
12.03221, 0.00000,Total.SURVEY_LC1_2Ex
6894.9302, 112.2952,Total.SURVEY_LC1_2F1
226.3569, 29.7050,Total.SURVEY_LC1_2F2
9153.3913, 278.4873,Total.SURVEY_LC1_2F3
1204.224,1377.781,Total.SURVEY_LC1_2F4
36500.7979,  344.2529,Total.SURVEY_LC1_2G1
2016.8918, 192.9782,Total.SURVEY_LC1_2G2
49.25194, 0.00000,Total.SURVEY_LC1_2G4
620.9063,  0.0000,Total.SURVEY_LC1_2G5
24389.697, 1983.033,Total.SURVEY_LC1_2H1
8.050526,8.259574,Total.SURVEY_LC1_2H2
 5083.412,27136.544,Total.SURVEY_LU1_2U11
127634.4,122435.9,Total.SURVEY_LU1_2U12
1036.628,   0.000,Total.SURVEY_LU1_2U13
261.0690,101.7983,Total.SURVEY_LU1_2U14
56.71321,11.51368,Total.SURVEY_LU1_2U15
1582.258965,   8.289782,Total.SURVEY_LU1_2U21
222.75887, 15.93641,Total.SURVEY_LU1_2U22
10447.585, 4416.247,Total.SURVEY_LU1_2U31
43.18699,37.37326,Total.SURVEY_LU1_2U32
22.46927,91.36945,Total.SURVEY_LU1_2U33
291.10186, 40.00579,Total.SURVEY_LU1_2U34
6989.0781, 290.9283,Total.SURVEY_LU1_2U35
22083.275, 2151.854,Total.SURVEY_LU1_2U36
2549.507,2650.234,Total.SURVEY_LU1_2U37
122.17019, 67.68065,Total.SURVEY_LU1_2U41
97759.60,11779.01,Total.SURVEY_LU1_2U42
879.4587,618.0200,Total.SURVEY_LC1_3A11
85.53031,12.25594,Total.SURVEY_LC1_3A12
 0.00000,12.00071,Total.SURVEY_LC1_3A13
833.0408,654.2932,Total.SURVEY_LC1_3A21
1738.294,2627.280,Total.SURVEY_LC1_3A22
333.2883,481.5251,Total.SURVEY_LC1_3A30
 340.699,3703.291,Total.SURVEY_LC1_3B11
 11.71698,102.39645,Total.SURVEY_LC1_3B12
 138.5486,2051.1728,Total.SURVEY_LC1_3B13
 17.15355,266.61662,Total.SURVEY_LC1_3B14
  92.77132,1043.17700,Total.SURVEY_LC1_3B15
  3.839372,267.170098,Total.SURVEY_LC1_3B16
 32.46522,133.96517,Total.SURVEY_LC1_3B18
  0.000,204.968,Total.SURVEY_LC1_3B21
  0.0000,262.6335,Total.SURVEY_LC1_3B22
 0.0000,47.3795,Total.SURVEY_LC1_3B23
108.6422,931.5402,Total.SURVEY_LC1_3B32
 0.00000,49.98599,Total.SURVEY_LC1_3B35
 49.98599,392.22438,Total.SURVEY_LC1_3B41
 0.00000,37.71343,Total.SURVEY_LC1_3B43
0.000000,3.940046,Total.SURVEY_LC1_3B44
 0.0000,21.9185,Total.SURVEY_LC1_3B45
 19.46315,359.56833,Total.SURVEY_LC1_3B51
 0.00000,35.64954,Total.SURVEY_LC1_3B52
 21.77263,617.85339,Total.SURVEY_LC1_3B53
 8.531515,41.822300,Total.SURVEY_LC1_3B54
  34.98316,2780.52041,Total.SURVEY_LC1_3B55
12.36185,83.27422,Total.SURVEY_LC1_3B71
0.000000,4.149773,Total.SURVEY_LC1_3B73
4.099501,8.233064,Total.SURVEY_LC1_3B75
 0.000,47.032,Total.SURVEY_LC1_3B84
2227.914,   0.000,Total.SURVEY_LC1_3Bx1
5.178507,0.000000,Total.SURVEY_LC1_3Bx2
3.961899,0.000000,Total.SURVEY_LC1_3Bxx
10028.79,14988.16,Total.SURVEY_LC1_3C10
28279.26,22735.77,Total.SURVEY_LC1_3C21
46471.65,34218.79,Total.SURVEY_LC1_3C22
3459.467,8330.443,Total.SURVEY_LC1_3C23
13559.98,    0.00,Total.SURVEY_LC1_3C2x
15511.92,23033.47,Total.SURVEY_LC1_3C31
14031.30,13330.97,Total.SURVEY_LC1_3C32
3121.367,9351.250,Total.SURVEY_LC1_3C33
15632.21,    0.00,Total.SURVEY_LC1_3C3x
274.104,  0.000,Total.SURVEY_LC1_3Cxx
5496.090,2501.018,Total.SURVEY_LC1_3D10
25045.445, 1903.346,Total.SURVEY_LC1_3D20
9.887058,0.000000,Total.SURVEY_LC1_3D2x
54.6067, 0.0000,Total.SURVEY_LC1_3Dxx
1122.364,3301.645,Total.SURVEY_LC1_3E10
15.54129, 0.00000,Total.SURVEY_LC1_3E1x
 3732.88,12557.37,Total.SURVEY_LC1_3E20
16.53217, 0.00000,Total.SURVEY_LC1_3E2x
2241.561,2752.131,Total.SURVEY_LC1_3E30
12.03221, 0.00000,Total.SURVEY_LC1_3Exx
6894.9302, 112.2952,Total.SURVEY_LC1_3F10
226.3569, 29.7050,Total.SURVEY_LC1_3F20
9149.2420, 278.4873,Total.SURVEY_LC1_3F30
4.149324,0.000000,Total.SURVEY_LC1_3F3x
1204.224,1377.781,Total.SURVEY_LC1_3F40
36496.6657,  344.2529,Total.SURVEY_LC1_3G11
4.132242,0.000000,Total.SURVEY_LC1_3G12
2012.8247, 192.9782,Total.SURVEY_LC1_3G21
4.067057,0.000000,Total.SURVEY_LC1_3G2x
49.25194, 0.00000,Total.SURVEY_LC1_3G40
620.9063,  0.0000,Total.SURVEY_LC1_3G50
4367.4551, 480.0996,Total.SURVEY_LC1_3H11
20022.242, 1502.934,Total.SURVEY_LC1_3H12
8.050526,8.259574,Total.SURVEY_LC1_3H21
 5050.63,26645.62,Total.SURVEY_LU1_3U111
  8.1845,435.6551,Total.SURVEY_LU1_3U112
24.59783,55.26764,Total.SURVEY_LU1_3U113
127634.4,122435.9,Total.SURVEY_LU1_3U120
1036.628,   0.000,Total.SURVEY_LU1_3U130
261.0690,101.7983,Total.SURVEY_LU1_3U140
56.71321,11.51368,Total.SURVEY_LU1_3U150
1582.258965,   8.289782,Total.SURVEY_LU1_3U210
16.13454, 0.00000,Total.SURVEY_LU1_3U221
24.21899, 0.00000,Total.SURVEY_LU1_3U223
 7.887252,11.785124,Total.SURVEY_LU1_3U224
16.18667, 0.00000,Total.SURVEY_LU1_3U225
65.376869, 4.151281,Total.SURVEY_LU1_3U226
92.95455, 0.00000,Total.SURVEY_LU1_3U227
102.1141,114.4961,Total.SURVEY_LU1_3U311
2612.844,3489.614,Total.SURVEY_LU1_3U312
7007.95894,  51.39134,Total.SURVEY_LU1_3U313
100.06166, 16.11901,Total.SURVEY_LU1_3U314
0.000000,3.936718,Total.SURVEY_LU1_3U315
 4.105935,16.179890,Total.SURVEY_LU1_3U316
97.01851,48.67278,Total.SURVEY_LU1_3U317
523.4817,675.8374,Total.SURVEY_LU1_3U319
 4.182903,29.237727,Total.SURVEY_LU1_3U321
39.004090, 8.135536,Total.SURVEY_LU1_3U322
22.46927,91.36945,Total.SURVEY_LU1_3U330
227.31208, 40.00579,Total.SURVEY_LU1_3U341
63.78978, 0.00000,Total.SURVEY_LU1_3U342
6989.0781, 290.9283,Total.SURVEY_LU1_3U350
21840.632, 1702.501,Total.SURVEY_LU1_3U361
242.6430,449.3522,Total.SURVEY_LU1_3U362
2549.507,2650.234,Total.SURVEY_LU1_3U370
30.271472, 6.135765,Total.SURVEY_LU1_3U411
20.620170, 4.163137,Total.SURVEY_LU1_3U413
7.446422,8.010968,Total.SURVEY_LU1_3U414
63.83213,49.37078,Total.SURVEY_LU1_3U415
97759.60,11779.01,Total.SURVEY_LU1_3U420
260593.8,162873.2,Total.settlement0
15591.329, 8361.514,Total.settlement1
1.4818463,0.7947032,Total.settl_pc
116793.72, 41008.65,Total.fao_class_name0
151456.0,124835.9,Total.fao_class_name1
5312.255,2944.509,Total.fao_class_name2
2623.202,2445.619,Total.fao_class_name3
244272.2,166101.7,Total.lue0
31912.962, 5133.022,Total.lue1
263605.8,166563.7,Total.lud0
12579.328, 4671.015,Total.lud1
1664.076,1637.790,SE.Total.area
185.5531,256.8942,SE.Total.SURVEY_LC1_1A
143.4581,212.5260,SE.Total.SURVEY_LC1_1B
1667.700,1647.851,SE.Total.SURVEY_LC1_1C
605.9189,380.9986,SE.Total.SURVEY_LC1_1D
322.0766,446.8269,SE.Total.SURVEY_LC1_1E
493.1641,152.8690,SE.Total.SURVEY_LC1_1F
273.87334, 32.27964,SE.Total.SURVEY_LC1_1G
364.20817, 84.76999,SE.Total.SURVEY_LC1_1H
1640.010,1653.966,SE.Total.SURVEY_LU1_1U1
57.370676, 5.293117,SE.Total.SURVEY_LU1_1U2
562.9803,425.1734,SE.Total.SURVEY_LU1_1U3
1116.5915, 574.9622,SE.Total.SURVEY_LU1_1U4
142.32797, 90.21268,SE.Total.SURVEY_LC1_2A1
195.8216,254.9849,SE.Total.SURVEY_LC1_2A2
27.51705,48.41573,SE.Total.SURVEY_LC1_2A3
 76.99223,204.86433,SE.Total.SURVEY_LC1_2B1
 0.00000,59.46609,SE.Total.SURVEY_LC1_2B2
32.46951,90.27346,SE.Total.SURVEY_LC1_2B3
23.27942,62.88495,SE.Total.SURVEY_LC1_2B4
 15.45617,146.10324,SE.Total.SURVEY_LC1_2B5
 0.00000,31.96668,SE.Total.SURVEY_LC1_2B7
 0.00000,15.80156,SE.Total.SURVEY_LC1_2B8
121.1334,  0.0000,SE.Total.SURVEY_LC1_2Bx
535.3729,733.4670,SE.Total.SURVEY_LC1_2C1
1596.030,1478.026,SE.Total.SURVEY_LC1_2C2
1264.662,1321.841,SE.Total.SURVEY_LC1_2C3
106.3993,  0.0000,SE.Total.SURVEY_LC1_2Cx
338.0819,273.5428,SE.Total.SURVEY_LC1_2D1
511.8836,266.8049,SE.Total.SURVEY_LC1_2D2
47.34657, 0.00000,SE.Total.SURVEY_LC1_2Dx
143.6837,304.5861,SE.Total.SURVEY_LC1_2E1
156.7425,257.0404,SE.Total.SURVEY_LC1_2E2
252.3363,232.6979,SE.Total.SURVEY_LC1_2E3
9.859658,0.000000,SE.Total.SURVEY_LC1_2Ex
486.138270,  2.116894,SE.Total.SURVEY_LC1_2F1
30.474940, 5.806362,SE.Total.SURVEY_LC1_2F2
357.90924, 56.76861,SE.Total.SURVEY_LC1_2F3
184.5681,141.8194,SE.Total.SURVEY_LC1_2F4
184.11941, 28.22687,SE.Total.SURVEY_LC1_2G1
143.70509, 16.21348,SE.Total.SURVEY_LC1_2G2
0,0,SE.Total.SURVEY_LC1_2G4
244.0746,  0.0000,SE.Total.SURVEY_LC1_2G5
364.20817, 84.76999,SE.Total.SURVEY_LC1_2H1
0,0,SE.Total.SURVEY_LC1_2H2
170.3813,254.6427,SE.Total.SURVEY_LU1_2U11
1631.351,1643.083,SE.Total.SURVEY_LU1_2U12
34.45205, 0.00000,SE.Total.SURVEY_LU1_2U13
14.60281,11.47568,SE.Total.SURVEY_LU1_2U14
54.446636, 4.753572,SE.Total.SURVEY_LU1_2U15
34.18909, 0.00000,SE.Total.SURVEY_LU1_2U21
46.070605, 5.293117,SE.Total.SURVEY_LU1_2U22
262.0890,269.4458,SE.Total.SURVEY_LU1_2U31
 3.568438,18.880996,SE.Total.SURVEY_LU1_2U32
 7.395213,28.832631,SE.Total.SURVEY_LU1_2U33
61.164965, 4.179975,SE.Total.SURVEY_LU1_2U34
346.37744, 98.07398,SE.Total.SURVEY_LU1_2U35
377.7845,278.6445,SE.Total.SURVEY_LU1_2U36
190.4466,179.0949,SE.Total.SURVEY_LU1_2U37
18.10529,11.19949,SE.Total.SURVEY_LU1_2U41
1116.6486, 574.8576,SE.Total.SURVEY_LU1_2U42
140.97559, 89.55658,SE.Total.SURVEY_LC1_3A11
37.824609, 5.620766,SE.Total.SURVEY_LC1_3A12
0.000000,9.772878,SE.Total.SURVEY_LC1_3A13
 92.94902,125.70467,SE.Total.SURVEY_LC1_3A21
187.6475,225.6931,SE.Total.SURVEY_LC1_3A22
27.51705,48.41573,SE.Total.SURVEY_LC1_3A30
 58.08778,163.42507,SE.Total.SURVEY_LC1_3B11
 9.541824,26.579249,SE.Total.SURVEY_LC1_3B12
 34.46843,119.84092,SE.Total.SURVEY_LC1_3B13
15.04273,44.14792,SE.Total.SURVEY_LC1_3B14
28.24940,99.94408,SE.Total.SURVEY_LC1_3B15
 0.00000,41.94709,SE.Total.SURVEY_LC1_3B16
19.89069,34.82171,SE.Total.SURVEY_LC1_3B18
 0.00000,38.83069,SE.Total.SURVEY_LC1_3B21
 0.00000,43.72539,SE.Total.SURVEY_LC1_3B22
 0.00000,16.00928,SE.Total.SURVEY_LC1_3B23
32.46951,87.51047,SE.Total.SURVEY_LC1_3B32
 0.00000,23.27942,SE.Total.SURVEY_LC1_3B35
23.27942,59.72010,SE.Total.SURVEY_LC1_3B41
 0.0000,15.6599,SE.Total.SURVEY_LC1_3B43
0,0,SE.Total.SURVEY_LC1_3B44
 0.00000,12.43999,SE.Total.SURVEY_LC1_3B45
13.17659,54.83734,SE.Total.SURVEY_LC1_3B51
 0.00000,17.09881,SE.Total.SURVEY_LC1_3B52
 3.375978,53.084760,SE.Total.SURVEY_LC1_3B53
 6.193592,19.089610,SE.Total.SURVEY_LC1_3B54
  3.952416,126.781998,SE.Total.SURVEY_LC1_3B55
 0.00000,31.96668,SE.Total.SURVEY_LC1_3B71
0,0,SE.Total.SURVEY_LC1_3B73
0,0,SE.Total.SURVEY_LC1_3B75
 0.00000,15.80156,SE.Total.SURVEY_LC1_3B84
121.1183,  0.0000,SE.Total.SURVEY_LC1_3Bx1
2.155984,0.000000,SE.Total.SURVEY_LC1_3Bx2
0,0,SE.Total.SURVEY_LC1_3Bxx
535.3729,733.4670,SE.Total.SURVEY_LC1_3C10
1043.5360, 943.2031,SE.Total.SURVEY_LC1_3C21
1273.394,1165.692,SE.Total.SURVEY_LC1_3C22
390.3894,606.1665,SE.Total.SURVEY_LC1_3C23
770.3396,  0.0000,SE.Total.SURVEY_LC1_3C2x
779.3104,983.5326,SE.Total.SURVEY_LC1_3C31
718.7710,780.3667,SE.Total.SURVEY_LC1_3C32
356.8109,646.7268,SE.Total.SURVEY_LC1_3C33
773.4604,  0.0000,SE.Total.SURVEY_LC1_3C3x
106.3993,  0.0000,SE.Total.SURVEY_LC1_3Cxx
338.0819,273.5428,SE.Total.SURVEY_LC1_3D10
511.8854,266.8049,SE.Total.SURVEY_LC1_3D20
2.93303,0.00000,SE.Total.SURVEY_LC1_3D2x
47.34657, 0.00000,SE.Total.SURVEY_LC1_3Dxx
143.4268,304.5861,SE.Total.SURVEY_LC1_3E10
9.213325,0.000000,SE.Total.SURVEY_LC1_3E1x
156.7425,257.0404,SE.Total.SURVEY_LC1_3E20
0,0,SE.Total.SURVEY_LC1_3E2x
252.3363,232.6979,SE.Total.SURVEY_LC1_3E30
9.859658,0.000000,SE.Total.SURVEY_LC1_3Exx
486.138270,  2.116894,SE.Total.SURVEY_LC1_3F10
30.474940, 5.806362,SE.Total.SURVEY_LC1_3F20
357.90924, 56.76861,SE.Total.SURVEY_LC1_3F30
0,0,SE.Total.SURVEY_LC1_3F3x
184.5681,141.8194,SE.Total.SURVEY_LC1_3F40
184.11941, 28.22687,SE.Total.SURVEY_LC1_3G11
0,0,SE.Total.SURVEY_LC1_3G12
143.70509, 16.21348,SE.Total.SURVEY_LC1_3G21
0,0,SE.Total.SURVEY_LC1_3G2x
0,0,SE.Total.SURVEY_LC1_3G40
244.0746,  0.0000,SE.Total.SURVEY_LC1_3G50
183.84664, 42.64269,SE.Total.SURVEY_LC1_3H11
355.41511, 73.91214,SE.Total.SURVEY_LC1_3H12
0,0,SE.Total.SURVEY_LC1_3H21
170.3813,255.8608,SE.Total.SURVEY_LU1_3U111
 0.0000,45.9452,SE.Total.SURVEY_LU1_3U112
 0.00000,30.53762,SE.Total.SURVEY_LU1_3U113
1631.351,1643.083,SE.Total.SURVEY_LU1_3U120
34.45205, 0.00000,SE.Total.SURVEY_LU1_3U130
14.60281,11.47568,SE.Total.SURVEY_LU1_3U140
54.446636, 4.753572,SE.Total.SURVEY_LU1_3U150
34.18909, 0.00000,SE.Total.SURVEY_LU1_3U210
9.90103,0.00000,SE.Total.SURVEY_LU1_3U221
0,0,SE.Total.SURVEY_LU1_3U223
0.000000,5.293117,SE.Total.SURVEY_LU1_3U224
9.90103,0.00000,SE.Total.SURVEY_LU1_3U225
35.85874, 0.00000,SE.Total.SURVEY_LU1_3U226
32.59299, 0.00000,SE.Total.SURVEY_LU1_3U227
33.55629,28.55524,SE.Total.SURVEY_LU1_3U311
231.0888,250.3785,SE.Total.SURVEY_LU1_3U312
93.891461, 4.701706,SE.Total.SURVEY_LU1_3U313
5.131157,5.445655,SE.Total.SURVEY_LU1_3U314
0,0,SE.Total.SURVEY_LU1_3U315
0.000000,9.859658,SE.Total.SURVEY_LU1_3U316
25.255486, 5.406528,SE.Total.SURVEY_LU1_3U317
75.35052,96.16254,SE.Total.SURVEY_LU1_3U319
 0.000,18.881,SE.Total.SURVEY_LU1_3U321
3.568438,0.000000,SE.Total.SURVEY_LU1_3U322
 7.395213,28.832631,SE.Total.SURVEY_LU1_3U330
48.217076, 4.179975,SE.Total.SURVEY_LU1_3U341
38.66123, 0.00000,SE.Total.SURVEY_LU1_3U342
346.37744, 98.07398,SE.Total.SURVEY_LU1_3U350
374.8769,264.1491,SE.Total.SURVEY_LU1_3U361
52.34705,91.03971,SE.Total.SURVEY_LU1_3U362
190.4466,179.0949,SE.Total.SURVEY_LU1_3U370
6.917033,3.568438,SE.Total.SURVEY_LU1_3U411
1.544398,0.000000,SE.Total.SURVEY_LU1_3U413
0,0,SE.Total.SURVEY_LU1_3U414
17.13339,10.61578,SE.Total.SURVEY_LU1_3U415
1116.6486, 574.8576,SE.Total.SURVEY_LU1_3U420
1669.461,1641.352,SE.Total.settlement0
438.3490,336.8353,SE.Total.settlement1
0.04166200,0.03201383,SE.Total.settl_pc
642.9132,497.2846,SE.Total.fao_class_name0
1664.475,1656.253,SE.Total.fao_class_name1
346.2611,340.5397,SE.Total.fao_class_name2
338.8051,292.0651,SE.Total.fao_class_name3
1685.079,1655.332,SE.Total.lue0
540.9252,341.3352,SE.Total.lue1
1669.462,1638.549,SE.Total.lud0
264.2838,271.4629,SE.Total.lud1
272923.6,168024.7,CI.l(95%).Total.area
3505.934,3901.872,CI.l(95%).Total.SURVEY_LC1_1A
 2852.916,13081.652,CI.l(95%).Total.SURVEY_LC1_1B
147101.4,122759.1,CI.l(95%).Total.SURVEY_LC1_1C
29418.449, 3657.621,CI.l(95%).Total.SURVEY_LC1_1D
 6509.652,17735.381,CI.l(95%).Total.SURVEY_LC1_1E
16512.318, 1498.651,CI.l(95%).Total.SURVEY_LC1_1F
38651.0661,  473.9642,CI.l(95%).Total.SURVEY_LC1_1G
23683.913, 1825.147,CI.l(95%).Total.SURVEY_LC1_1H
130857.8,146444.1,CI.l(95%).Total.SURVEY_LU1_1U1
1692.57338,  13.85187,CI.l(95%).Total.SURVEY_LU1_1U2
41322.782, 8844.688,CI.l(95%).Total.SURVEY_LU1_1U3
95693.29,10719.79,CI.l(95%).Total.SURVEY_LU1_1U4
686.0314,465.4631,CI.l(95%).Total.SURVEY_LC1_2A1
2187.531,2781.812,CI.l(95%).Total.SURVEY_LC1_2A2
279.3559,386.6320,CI.l(95%).Total.SURVEY_LC1_2A3
 486.2921,7166.2623,CI.l(95%).Total.SURVEY_LC1_2B1
  0.0000,398.4296,CI.l(95%).Total.SURVEY_LC1_2B2
 45.00309,804.59347,CI.l(95%).Total.SURVEY_LC1_2B3
  4.359157,332.544122,CI.l(95%).Total.SURVEY_LC1_2B4
  54.45691,3549.05688,CI.l(95%).Total.SURVEY_LC1_2B5
16.46135,33.00353,CI.l(95%).Total.SURVEY_LC1_2B7
 0.00000,16.06151,CI.l(95%).Total.SURVEY_LC1_2B8
1999.638,   0.000,CI.l(95%).Total.SURVEY_LC1_2Bx
 8979.48,13550.60,CI.l(95%).Total.SURVEY_LC1_2C1
88642.19,62388.13,CI.l(95%).Total.SURVEY_LC1_2C2
45818.11,43124.93,CI.l(95%).Total.SURVEY_LC1_2C3
65.56514, 0.00000,CI.l(95%).Total.SURVEY_LC1_2Cx
4833.461,1964.884,CI.l(95%).Total.SURVEY_LC1_2D1
24052.058, 1380.418,CI.l(95%).Total.SURVEY_LC1_2D2
-38.19088,  0.00000,CI.l(95%).Total.SURVEY_LC1_2Dx
 856.290,2704.667,CI.l(95%).Total.SURVEY_LC1_2E1
 3442.202,12053.579,CI.l(95%).Total.SURVEY_LC1_2E2
1746.991,2296.052,CI.l(95%).Total.SURVEY_LC1_2E3
-7.292369, 0.000000,CI.l(95%).Total.SURVEY_LC1_2Ex
5942.1167, 108.1461,CI.l(95%).Total.SURVEY_LC1_2F1
166.62712, 18.32474,CI.l(95%).Total.SURVEY_LC1_2F2
8451.9021, 167.2228,CI.l(95%).Total.SURVEY_LC1_2F3
 842.4769,1099.8201,CI.l(95%).Total.SURVEY_LC1_2F4
36139.9305,  288.9293,CI.l(95%).Total.SURVEY_LC1_2G1
1735.2350, 161.2004,CI.l(95%).Total.SURVEY_LC1_2G2
49.25194, 0.00000,CI.l(95%).Total.SURVEY_LC1_2G4
142.5289,  0.0000,CI.l(95%).Total.SURVEY_LC1_2G5
23675.862, 1816.887,CI.l(95%).Total.SURVEY_LC1_2H1
8.050526,8.259574,CI.l(95%).Total.SURVEY_LC1_2H2
 4749.471,26637.453,CI.l(95%).Total.SURVEY_LU1_2U11
124437.0,119215.6,CI.l(95%).Total.SURVEY_LU1_2U12
969.1029,  0.0000,CI.l(95%).Total.SURVEY_LU1_2U13
232.44806, 79.30637,CI.l(95%).Total.SURVEY_LU1_2U14
-50.000232,  2.196856,CI.l(95%).Total.SURVEY_LU1_2U15
1515.249583,   8.289782,CI.l(95%).Total.SURVEY_LU1_2U21
132.462145,  5.562086,CI.l(95%).Total.SURVEY_LU1_2U22
9933.900,3888.143,CI.l(95%).Total.SURVEY_LU1_2U31
36.1929823, 0.3671904,CI.l(95%).Total.SURVEY_LU1_2U32
 7.974916,34.858528,CI.l(95%).Total.SURVEY_LU1_2U33
171.22073, 31.81319,CI.l(95%).Total.SURVEY_LU1_2U34
6310.19078,  98.70686,CI.l(95%).Total.SURVEY_LU1_2U35
21342.83, 1605.72,CI.l(95%).Total.SURVEY_LU1_2U36
2176.239,2299.215,CI.l(95%).Total.SURVEY_LU1_2U37
86.68448,45.73005,CI.l(95%).Total.SURVEY_LU1_2U41
95571.01,10652.31,CI.l(95%).Total.SURVEY_LU1_2U42
603.1517,442.4924,CI.l(95%).Total.SURVEY_LC1_3A11
11.395436, 1.239438,CI.l(95%).Total.SURVEY_LC1_3A12
 0.000000,-7.153783,CI.l(95%).Total.SURVEY_LC1_3A13
650.8641,407.9166,CI.l(95%).Total.SURVEY_LC1_3A21
1370.511,2184.930,CI.l(95%).Total.SURVEY_LC1_3A22
279.3559,386.6320,CI.l(95%).Total.SURVEY_LC1_3A30
 226.849,3382.984,CI.l(95%).Total.SURVEY_LC1_3B11
-6.984651,50.302079,CI.l(95%).Total.SURVEY_LC1_3B12
  70.99174,1816.28888,CI.l(95%).Total.SURVEY_LC1_3B13
-12.32966,180.08829,CI.l(95%).Total.SURVEY_LC1_3B14
 37.40352,847.29019,CI.l(95%).Total.SURVEY_LC1_3B15
  3.839372,184.955319,CI.l(95%).Total.SURVEY_LC1_3B16
-6.519814,65.715869,CI.l(95%).Total.SURVEY_LC1_3B18
  0.0000,128.8613,CI.l(95%).Total.SURVEY_LC1_3B21
  0.0000,176.9333,CI.l(95%).Total.SURVEY_LC1_3B22
 0.00000,16.00189,CI.l(95%).Total.SURVEY_LC1_3B23
 45.00309,760.02283,CI.l(95%).Total.SURVEY_LC1_3B32
0.000000,4.359157,CI.l(95%).Total.SURVEY_LC1_3B35
  4.359157,275.175126,CI.l(95%).Total.SURVEY_LC1_3B41
0.000000,7.020588,CI.l(95%).Total.SURVEY_LC1_3B43
0.000000,3.940046,CI.l(95%).Total.SURVEY_LC1_3B44
 0.000000,-2.463437,CI.l(95%).Total.SURVEY_LC1_3B45
 -6.362488,252.089128,CI.l(95%).Total.SURVEY_LC1_3B51
0.000000,2.136479,CI.l(95%).Total.SURVEY_LC1_3B52
 15.15583,513.80917,CI.l(95%).Total.SURVEY_LC1_3B53
-3.607703, 4.407353,CI.l(95%).Total.SURVEY_LC1_3B54
  27.23656,2532.03226,CI.l(95%).Total.SURVEY_LC1_3B55
12.36185,20.62069,CI.l(95%).Total.SURVEY_LC1_3B71
0.000000,4.149773,CI.l(95%).Total.SURVEY_LC1_3B73
4.099501,8.233064,CI.l(95%).Total.SURVEY_LC1_3B75
 0.00000,16.06151,CI.l(95%).Total.SURVEY_LC1_3B84
1990.527,   0.000,CI.l(95%).Total.SURVEY_LC1_3Bx1
0.9528552,0.0000000,CI.l(95%).Total.SURVEY_LC1_3Bx2
3.961899,0.000000,CI.l(95%).Total.SURVEY_LC1_3Bxx
 8979.48,13550.60,CI.l(95%).Total.SURVEY_LC1_3C10
26233.96,20887.13,CI.l(95%).Total.SURVEY_LC1_3C21
43975.84,31934.08,CI.l(95%).Total.SURVEY_LC1_3C22
2694.318,7142.378,CI.l(95%).Total.SURVEY_LC1_3C23
12050.14,    0.00,CI.l(95%).Total.SURVEY_LC1_3C2x
13984.50,21105.78,CI.l(95%).Total.SURVEY_LC1_3C31
12622.53,11801.48,CI.l(95%).Total.SURVEY_LC1_3C32
2422.030,8083.689,CI.l(95%).Total.SURVEY_LC1_3C33
14116.26,    0.00,CI.l(95%).Total.SURVEY_LC1_3C3x
65.56514, 0.00000,CI.l(95%).Total.SURVEY_LC1_3Cxx
4833.461,1964.884,CI.l(95%).Total.SURVEY_LC1_3D10
24042.168, 1380.418,CI.l(95%).Total.SURVEY_LC1_3D20
4.138424,0.000000,CI.l(95%).Total.SURVEY_LC1_3D2x
-38.19088,  0.00000,CI.l(95%).Total.SURVEY_LC1_3Dxx
 841.2522,2704.6673,CI.l(95%).Total.SURVEY_LC1_3E10
-2.516492, 0.000000,CI.l(95%).Total.SURVEY_LC1_3E1x
 3425.67,12053.58,CI.l(95%).Total.SURVEY_LC1_3E20
16.53217, 0.00000,CI.l(95%).Total.SURVEY_LC1_3E2x
1746.991,2296.052,CI.l(95%).Total.SURVEY_LC1_3E30
-7.292369, 0.000000,CI.l(95%).Total.SURVEY_LC1_3Exx
5942.1167, 108.1461,CI.l(95%).Total.SURVEY_LC1_3F10
166.62712, 18.32474,CI.l(95%).Total.SURVEY_LC1_3F20
8447.7528, 167.2228,CI.l(95%).Total.SURVEY_LC1_3F30
4.149324,0.000000,CI.l(95%).Total.SURVEY_LC1_3F3x
 842.4769,1099.8201,CI.l(95%).Total.SURVEY_LC1_3F40
36135.7983,  288.9293,CI.l(95%).Total.SURVEY_LC1_3G11
4.132242,0.000000,CI.l(95%).Total.SURVEY_LC1_3G12
1731.1679, 161.2004,CI.l(95%).Total.SURVEY_LC1_3G21
4.067057,0.000000,CI.l(95%).Total.SURVEY_LC1_3G2x
49.25194, 0.00000,CI.l(95%).Total.SURVEY_LC1_3G40
142.5289,  0.0000,CI.l(95%).Total.SURVEY_LC1_3G50
4007.1223, 396.5215,CI.l(95%).Total.SURVEY_LC1_3H11
19325.641, 1358.069,CI.l(95%).Total.SURVEY_LC1_3H12
8.050526,8.259574,CI.l(95%).Total.SURVEY_LC1_3H21
 4716.689,26144.143,CI.l(95%).Total.SURVEY_LU1_3U111
  8.1845,345.6042,CI.l(95%).Total.SURVEY_LU1_3U112
24.597825,-4.584992,CI.l(95%).Total.SURVEY_LU1_3U113
124437.0,119215.6,CI.l(95%).Total.SURVEY_LU1_3U120
969.1029,  0.0000,CI.l(95%).Total.SURVEY_LU1_3U130
232.44806, 79.30637,CI.l(95%).Total.SURVEY_LU1_3U140
-50.000232,  2.196856,CI.l(95%).Total.SURVEY_LU1_3U150
1515.249583,   8.289782,CI.l(95%).Total.SURVEY_LU1_3U210
-3.271122, 0.000000,CI.l(95%).Total.SURVEY_LU1_3U221
24.21899, 0.00000,CI.l(95%).Total.SURVEY_LU1_3U223
7.887252,1.410804,CI.l(95%).Total.SURVEY_LU1_3U224
-3.218994, 0.000000,CI.l(95%).Total.SURVEY_LU1_3U225
-4.904964, 4.151281,CI.l(95%).Total.SURVEY_LU1_3U226
29.07346, 0.00000,CI.l(95%).Total.SURVEY_LU1_3U227
36.34503,58.52881,CI.l(95%).Total.SURVEY_LU1_3U311
2159.918,2998.881,CI.l(95%).Total.SURVEY_LU1_3U312
6823.93506,  42.17616,CI.l(95%).Total.SURVEY_LU1_3U313
90.00477, 5.44572,CI.l(95%).Total.SURVEY_LU1_3U314
0.000000,3.936718,CI.l(95%).Total.SURVEY_LU1_3U315
 4.105935,-3.144685,CI.l(95%).Total.SURVEY_LU1_3U316
47.51867,38.07618,CI.l(95%).Total.SURVEY_LU1_3U317
375.7974,487.3623,CI.l(95%).Total.SURVEY_LU1_3U319
 4.182903,-7.768345,CI.l(95%).Total.SURVEY_LU1_3U321
32.010079, 8.135536,CI.l(95%).Total.SURVEY_LU1_3U322
 7.974916,34.858528,CI.l(95%).Total.SURVEY_LU1_3U330
132.80835, 31.81319,CI.l(95%).Total.SURVEY_LU1_3U341
-11.98485,  0.00000,CI.l(95%).Total.SURVEY_LU1_3U342
6310.19078,  98.70686,CI.l(95%).Total.SURVEY_LU1_3U350
21105.887, 1184.779,CI.l(95%).Total.SURVEY_LU1_3U361
140.0447,270.9177,CI.l(95%).Total.SURVEY_LU1_3U362
2176.239,2299.215,CI.l(95%).Total.SURVEY_LU1_3U370
16.7143365,-0.8582454,CI.l(95%).Total.SURVEY_LU1_3U411
17.593205, 4.163137,CI.l(95%).Total.SURVEY_LU1_3U413
7.446422,8.010968,CI.l(95%).Total.SURVEY_LU1_3U414
30.25129,28.56423,CI.l(95%).Total.SURVEY_LU1_3U415
95571.01,10652.31,CI.l(95%).Total.SURVEY_LU1_3U420
257321.8,159656.2,CI.l(95%).Total.settlement0
14732.180, 7701.329,CI.l(95%).Total.settlement1
1.4001903,0.7319572,CI.l(95%).Total.settl_pc
115533.63, 40033.99,CI.l(95%).Total.fao_class_name0
148193.7,121589.8,CI.l(95%).Total.fao_class_name1
4633.595,2277.063,CI.l(95%).Total.fao_class_name2
1959.156,1873.182,CI.l(95%).Total.fao_class_name3
240969.5,162857.3,CI.l(95%).Total.lue0
30852.769, 4464.017,CI.l(95%).Total.lue1
260333.8,163352.2,CI.l(95%).Total.lud0
12061.341, 4138.957,CI.l(95%).Total.lud1
279446.7,174444.7,CI.u(95%).Total.area
4233.289,4908.878,CI.u(95%).Total.SURVEY_LC1_1A
 3415.261,13914.739,CI.u(95%).Total.SURVEY_LC1_1B
153638.7,129218.6,CI.u(95%).Total.SURVEY_LC1_1C
31793.607, 5151.108,CI.u(95%).Total.SURVEY_LC1_1D
 7772.169,19486.910,CI.u(95%).Total.SURVEY_LC1_1E
18445.486, 2097.886,CI.u(95%).Total.SURVEY_LC1_1F
39724.6298,  600.4981,CI.u(95%).Total.SURVEY_LC1_1G
25111.583, 2157.439,CI.u(95%).Total.SURVEY_LC1_1H
137286.5,152927.5,CI.u(95%).Total.SURVEY_LU1_1U1
1917.46229,  34.60051,CI.u(95%).Total.SURVEY_LU1_1U2
43529.62,10511.34,CI.u(95%).Total.SURVEY_LU1_1U3
100070.3, 12973.6,CI.u(95%).Total.SURVEY_LU1_1U4
1243.9468, 819.0903,CI.u(95%).Total.SURVEY_LC1_2A1
2955.138,3781.335,CI.u(95%).Total.SURVEY_LC1_2A2
387.2207,576.4182,CI.u(95%).Total.SURVEY_LC1_2A3
 788.0961,7969.3157,CI.u(95%).Total.SURVEY_LC1_2B1
  0.0000,631.5324,CI.u(95%).Total.SURVEY_LC1_2B2
 172.2812,1158.4589,CI.u(95%).Total.SURVEY_LC1_2B3
 95.61282,579.04859,CI.u(95%).Total.SURVEY_LC1_2B4
 115.044,4121.771,CI.u(95%).Total.SURVEY_LC1_2B5
 16.46135,158.31059,CI.u(95%).Total.SURVEY_LC1_2B7
 0.0000,78.0025,CI.u(95%).Total.SURVEY_LC1_2B8
2474.472,   0.000,CI.u(95%).Total.SURVEY_LC1_2Bx
11078.10,16425.73,CI.u(95%).Total.SURVEY_LC1_2C1
94898.51,68181.89,CI.u(95%).Total.SURVEY_LC1_2C2
50775.49,48306.45,CI.u(95%).Total.SURVEY_LC1_2C3
482.6428,  0.0000,CI.u(95%).Total.SURVEY_LC1_2Cx
6158.718,3037.152,CI.u(95%).Total.SURVEY_LC1_2D1
26058.605, 2426.274,CI.u(95%).Total.SURVEY_LC1_2D2
147.4043,  0.0000,CI.u(95%).Total.SURVEY_LC1_2Dx
1419.520,3898.623,CI.u(95%).Total.SURVEY_LC1_2E1
 4056.621,13061.159,CI.u(95%).Total.SURVEY_LC1_2E2
2736.131,3208.211,CI.u(95%).Total.SURVEY_LC1_2E3
31.35678, 0.00000,CI.u(95%).Total.SURVEY_LC1_2Ex
7847.7437, 116.4442,CI.u(95%).Total.SURVEY_LC1_2F1
286.08669, 41.08526,CI.u(95%).Total.SURVEY_LC1_2F2
9854.8806, 389.7517,CI.u(95%).Total.SURVEY_LC1_2F3
1565.971,1655.742,CI.u(95%).Total.SURVEY_LC1_2F4
36861.6653,  399.5766,CI.u(95%).Total.SURVEY_LC1_2G1
2298.5486, 224.7561,CI.u(95%).Total.SURVEY_LC1_2G2
49.25194, 0.00000,CI.u(95%).Total.SURVEY_LC1_2G4
1099.284,   0.000,CI.u(95%).Total.SURVEY_LC1_2G5
25103.532, 2149.179,CI.u(95%).Total.SURVEY_LC1_2H1
8.050526,8.259574,CI.u(95%).Total.SURVEY_LC1_2H2
 5417.354,27635.634,CI.u(95%).Total.SURVEY_LU1_2U11
130831.7,125656.3,CI.u(95%).Total.SURVEY_LU1_2U12
1104.152,   0.000,CI.u(95%).Total.SURVEY_LU1_2U13
289.6900,124.2902,CI.u(95%).Total.SURVEY_LU1_2U14
163.42666, 20.83051,CI.u(95%).Total.SURVEY_LU1_2U15
1649.268348,   8.289782,CI.u(95%).Total.SURVEY_LU1_2U21
313.05560, 26.31072,CI.u(95%).Total.SURVEY_LU1_2U22
10961.270, 4944.351,CI.u(95%).Total.SURVEY_LU1_2U31
50.18100,74.37934,CI.u(95%).Total.SURVEY_LU1_2U32
 36.96362,147.88037,CI.u(95%).Total.SURVEY_LU1_2U33
410.98299, 48.19839,CI.u(95%).Total.SURVEY_LU1_2U34
7667.9654, 483.1498,CI.u(95%).Total.SURVEY_LU1_2U35
22823.720, 2697.987,CI.u(95%).Total.SURVEY_LU1_2U36
2922.775,3001.254,CI.u(95%).Total.SURVEY_LU1_2U37
157.65590, 89.63124,CI.u(95%).Total.SURVEY_LU1_2U41
99948.19,12905.71,CI.u(95%).Total.SURVEY_LU1_2U42
1155.7658, 793.5477,CI.u(95%).Total.SURVEY_LC1_3A11
159.66518, 23.27244,CI.u(95%).Total.SURVEY_LC1_3A12
 0.00000,31.15519,CI.u(95%).Total.SURVEY_LC1_3A13
1015.2175, 900.6699,CI.u(95%).Total.SURVEY_LC1_3A21
2106.076,3069.630,CI.u(95%).Total.SURVEY_LC1_3A22
387.2207,576.4182,CI.u(95%).Total.SURVEY_LC1_3A30
 454.5489,4023.5981,CI.u(95%).Total.SURVEY_LC1_3B11
 30.41861,154.49082,CI.u(95%).Total.SURVEY_LC1_3B12
 206.1055,2286.0566,CI.u(95%).Total.SURVEY_LC1_3B13
 46.63677,353.14495,CI.u(95%).Total.SURVEY_LC1_3B14
 148.1391,1239.0638,CI.u(95%).Total.SURVEY_LC1_3B15
  3.839372,349.384877,CI.u(95%).Total.SURVEY_LC1_3B16
 71.45026,202.21447,CI.u(95%).Total.SURVEY_LC1_3B18
  0.0000,281.0748,CI.u(95%).Total.SURVEY_LC1_3B21
  0.0000,348.3337,CI.u(95%).Total.SURVEY_LC1_3B22
 0.0000,78.7571,CI.u(95%).Total.SURVEY_LC1_3B23
 172.2812,1103.0576,CI.u(95%).Total.SURVEY_LC1_3B32
 0.00000,95.61282,CI.u(95%).Total.SURVEY_LC1_3B35
 95.61282,509.27364,CI.u(95%).Total.SURVEY_LC1_3B41
 0.00000,68.40627,CI.u(95%).Total.SURVEY_LC1_3B43
0.000000,3.940046,CI.u(95%).Total.SURVEY_LC1_3B44
 0.00000,46.30043,CI.u(95%).Total.SURVEY_LC1_3B45
 45.28879,467.04754,CI.u(95%).Total.SURVEY_LC1_3B51
 0.0000,69.1626,CI.u(95%).Total.SURVEY_LC1_3B52
 28.38942,721.89760,CI.u(95%).Total.SURVEY_LC1_3B53
20.67073,79.23725,CI.u(95%).Total.SURVEY_LC1_3B54
  42.72975,3029.00856,CI.u(95%).Total.SURVEY_LC1_3B55
 12.36185,145.92776,CI.u(95%).Total.SURVEY_LC1_3B71
0.000000,4.149773,CI.u(95%).Total.SURVEY_LC1_3B73
4.099501,8.233064,CI.u(95%).Total.SURVEY_LC1_3B75
 0.0000,78.0025,CI.u(95%).Total.SURVEY_LC1_3B84
2465.302,   0.000,CI.u(95%).Total.SURVEY_LC1_3Bx1
9.404158,0.000000,CI.u(95%).Total.SURVEY_LC1_3Bx2
3.961899,0.000000,CI.u(95%).Total.SURVEY_LC1_3Bxx
11078.10,16425.73,CI.u(95%).Total.SURVEY_LC1_3C10
30324.55,24584.42,CI.u(95%).Total.SURVEY_LC1_3C21
48967.45,36503.51,CI.u(95%).Total.SURVEY_LC1_3C22
4224.616,9518.507,CI.u(95%).Total.SURVEY_LC1_3C23
15069.82,    0.00,CI.u(95%).Total.SURVEY_LC1_3C2x
17039.34,24961.16,CI.u(95%).Total.SURVEY_LC1_3C31
15440.06,14860.46,CI.u(95%).Total.SURVEY_LC1_3C32
 3820.703,10618.811,CI.u(95%).Total.SURVEY_LC1_3C33
17148.17,    0.00,CI.u(95%).Total.SURVEY_LC1_3C3x
482.6428,  0.0000,CI.u(95%).Total.SURVEY_LC1_3Cxx
6158.718,3037.152,CI.u(95%).Total.SURVEY_LC1_3D10
26048.722, 2426.274,CI.u(95%).Total.SURVEY_LC1_3D20
15.63569, 0.00000,CI.u(95%).Total.SURVEY_LC1_3D2x
147.4043,  0.0000,CI.u(95%).Total.SURVEY_LC1_3Dxx
1403.475,3898.623,CI.u(95%).Total.SURVEY_LC1_3E10
33.59908, 0.00000,CI.u(95%).Total.SURVEY_LC1_3E1x
 4040.089,13061.159,CI.u(95%).Total.SURVEY_LC1_3E20
16.53217, 0.00000,CI.u(95%).Total.SURVEY_LC1_3E2x
2736.131,3208.211,CI.u(95%).Total.SURVEY_LC1_3E30
31.35678, 0.00000,CI.u(95%).Total.SURVEY_LC1_3Exx
7847.7437, 116.4442,CI.u(95%).Total.SURVEY_LC1_3F10
286.08669, 41.08526,CI.u(95%).Total.SURVEY_LC1_3F20
9850.7312, 389.7517,CI.u(95%).Total.SURVEY_LC1_3F30
4.149324,0.000000,CI.u(95%).Total.SURVEY_LC1_3F3x
1565.971,1655.742,CI.u(95%).Total.SURVEY_LC1_3F40
36857.5331,  399.5766,CI.u(95%).Total.SURVEY_LC1_3G11
4.132242,0.000000,CI.u(95%).Total.SURVEY_LC1_3G12
2294.4815, 224.7561,CI.u(95%).Total.SURVEY_LC1_3G21
4.067057,0.000000,CI.u(95%).Total.SURVEY_LC1_3G2x
49.25194, 0.00000,CI.u(95%).Total.SURVEY_LC1_3G40
1099.284,   0.000,CI.u(95%).Total.SURVEY_LC1_3G50
4727.7879, 563.6778,CI.u(95%).Total.SURVEY_LC1_3H11
20718.843, 1647.799,CI.u(95%).Total.SURVEY_LC1_3H12
8.050526,8.259574,CI.u(95%).Total.SURVEY_LC1_3H21
 5384.571,27147.099,CI.u(95%).Total.SURVEY_LU1_3U111
  8.1845,525.7061,CI.u(95%).Total.SURVEY_LU1_3U112
 24.59783,115.12028,CI.u(95%).Total.SURVEY_LU1_3U113
130831.7,125656.3,CI.u(95%).Total.SURVEY_LU1_3U120
1104.152,   0.000,CI.u(95%).Total.SURVEY_LU1_3U130
289.6900,124.2902,CI.u(95%).Total.SURVEY_LU1_3U140
163.42666, 20.83051,CI.u(95%).Total.SURVEY_LU1_3U150
1649.268348,   8.289782,CI.u(95%).Total.SURVEY_LU1_3U210
35.5402, 0.0000,CI.u(95%).Total.SURVEY_LU1_3U221
24.21899, 0.00000,CI.u(95%).Total.SURVEY_LU1_3U223
 7.887252,22.159444,CI.u(95%).Total.SURVEY_LU1_3U224
35.59233, 0.00000,CI.u(95%).Total.SURVEY_LU1_3U225
135.658703,  4.151281,CI.u(95%).Total.SURVEY_LU1_3U226
156.8356,  0.0000,CI.u(95%).Total.SURVEY_LU1_3U227
167.8833,170.4633,CI.u(95%).Total.SURVEY_LU1_3U311
3065.770,3980.347,CI.u(95%).Total.SURVEY_LU1_3U312
7191.98283,  60.60651,CI.u(95%).Total.SURVEY_LU1_3U313
110.1185, 26.7923,CI.u(95%).Total.SURVEY_LU1_3U314
0.000000,3.936718,CI.u(95%).Total.SURVEY_LU1_3U315
 4.105935,35.504465,CI.u(95%).Total.SURVEY_LU1_3U316
146.51836, 59.26938,CI.u(95%).Total.SURVEY_LU1_3U317
671.1660,864.3125,CI.u(95%).Total.SURVEY_LU1_3U319
 4.182903,66.243800,CI.u(95%).Total.SURVEY_LU1_3U321
45.998100, 8.135536,CI.u(95%).Total.SURVEY_LU1_3U322
 36.96362,147.88037,CI.u(95%).Total.SURVEY_LU1_3U330
321.81581, 48.19839,CI.u(95%).Total.SURVEY_LU1_3U341
139.5644,  0.0000,CI.u(95%).Total.SURVEY_LU1_3U342
7667.9654, 483.1498,CI.u(95%).Total.SURVEY_LU1_3U350
22575.378, 2220.224,CI.u(95%).Total.SURVEY_LU1_3U361
345.2413,627.7868,CI.u(95%).Total.SURVEY_LU1_3U362
2922.775,3001.254,CI.u(95%).Total.SURVEY_LU1_3U370
43.82861,13.12978,CI.u(95%).Total.SURVEY_LU1_3U411
23.647135, 4.163137,CI.u(95%).Total.SURVEY_LU1_3U413
7.446422,8.010968,CI.u(95%).Total.SURVEY_LU1_3U414
97.41296,70.17732,CI.u(95%).Total.SURVEY_LU1_3U415
99948.19,12905.71,CI.u(95%).Total.SURVEY_LU1_3U420
263865.9,166090.2,CI.u(95%).Total.settlement0
16450.477, 9021.699,CI.u(95%).Total.settlement1
1.5635023,0.8574491,CI.u(95%).Total.settl_pc
118053.80, 41983.31,CI.u(95%).Total.fao_class_name0
154718.3,128082.1,CI.u(95%).Total.fao_class_name1
5990.914,3611.954,CI.u(95%).Total.fao_class_name2
3287.247,3018.056,CI.u(95%).Total.fao_class_name3
247574.9,169346.1,CI.u(95%).Total.lue0
32973.156, 5802.027,CI.u(95%).Total.lue1
266877.9,169775.2,CI.u(95%).Total.lud0
13097.315, 5203.072,CI.u(95%).Total.lud1
0.006025219,0.009564590,CV.Total.area
0.04795134,0.05831381,CV.Total.SURVEY_LC1_1A
0.04577346,0.01574477,CV.Total.SURVEY_LC1_1B
0.01109064,0.01307934,CV.Total.SURVEY_LC1_1C
0.01979737,0.08650479,CV.Total.SURVEY_LC1_1D
0.04510302,0.02400857,CV.Total.SURVEY_LC1_1E
0.02821482,0.08500899,CV.Total.SURVEY_LC1_1F
0.006988731,0.060085205,CV.Total.SURVEY_LC1_1G
0.01492794,0.04257033,CV.Total.SURVEY_LC1_1H
0.01223229,0.01104958,CV.Total.SURVEY_LU1_1U1
0.03178399,0.21848743,CV.Total.SURVEY_LU1_1U2
0.01326964,0.04393189,CV.Total.SURVEY_LU1_1U3
0.01140755,0.04853355,CV.Total.SURVEY_LU1_1U4
0.1474918,0.1404577,CV.Total.SURVEY_LC1_2A1
0.07615565,0.07770204,CV.Total.SURVEY_LC1_2A2
0.0825623,0.1005466,CV.Total.SURVEY_LC1_2A3
0.12083011,0.02707057,CV.Total.SURVEY_LC1_2B1
NA,0.1154724,CV.Total.SURVEY_LC1_2B2
0.29886658,0.09197254,CV.Total.SURVEY_LC1_2B3
0.4657190,0.1379672,CV.Total.SURVEY_LC1_2B4
0.18237275,0.03809321,CV.Total.SURVEY_LC1_2B5
0.00000,0.33418,CV.Total.SURVEY_LC1_2B7
NA,0.3359747,CV.Total.SURVEY_LC1_2B8
0.0541486,NA,CV.Total.SURVEY_LC1_2Bx
0.05338359,0.04893641,CV.Total.SURVEY_LC1_2C1
0.01739156,0.02263959,CV.Total.SURVEY_LC1_2C2
0.02618521,0.02891439,CV.Total.SURVEY_LC1_2C3
0.3881714,NA,CV.Total.SURVEY_LC1_2Cx
0.06151318,0.10937255,CV.Total.SURVEY_LC1_2D1
0.02043012,0.14017678,CV.Total.SURVEY_LC1_2D2
0.867047,NA,CV.Total.SURVEY_LC1_2Dx
0.12627040,0.09225283,CV.Total.SURVEY_LC1_2E1
0.04180455,0.02046929,CV.Total.SURVEY_LC1_2E2
0.1125717,0.0845519,CV.Total.SURVEY_LC1_2E3
0.8194389,NA,CV.Total.SURVEY_LC1_2Ex
0.07050663,0.01885116,CV.Total.SURVEY_LC1_2F1
0.1346323,0.1954675,CV.Total.SURVEY_LC1_2F2
0.03910127,0.20384632,CV.Total.SURVEY_LC1_2F3
0.1532673,0.1029332,CV.Total.SURVEY_LC1_2F4
0.005044257,0.081994560,CV.Total.SURVEY_LC1_2G1
0.07125077,0.08401713,CV.Total.SURVEY_LC1_2G2
  0,NA,CV.Total.SURVEY_LC1_2G4
0.3930941,NA,CV.Total.SURVEY_LC1_2G5
0.01493287,0.04274764,CV.Total.SURVEY_LC1_2H1
0,0,CV.Total.SURVEY_LC1_2H2
0.033517102,0.009383756,CV.Total.SURVEY_LU1_2U11
0.01278144,0.01341994,CV.Total.SURVEY_LU1_2U12
0.03323474,NA,CV.Total.SURVEY_LU1_2U13
0.05593468,0.11272962,CV.Total.SURVEY_LU1_2U14
0.9600344,0.4128627,CV.Total.SURVEY_LU1_2U15
0.02160777,0.00000000,CV.Total.SURVEY_LU1_2U21
0.2068183,0.3321400,CV.Total.SURVEY_LU1_2U22
0.02508608,0.06101240,CV.Total.SURVEY_LU1_2U31
0.08262762,0.50520064,CV.Total.SURVEY_LU1_2U32
0.3291257,0.3155610,CV.Total.SURVEY_LU1_2U33
0.2101153,0.1044842,CV.Total.SURVEY_LU1_2U34
0.04955982,0.33710701,CV.Total.SURVEY_LU1_2U35
0.01710727,0.12949047,CV.Total.SURVEY_LU1_2U36
0.07469939,0.06757701,CV.Total.SURVEY_LU1_2U37
0.1481973,0.1654755,CV.Total.SURVEY_LU1_2U41
0.01142239,0.04880354,CV.Total.SURVEY_LU1_2U42
0.1602981,0.1449089,CV.Total.SURVEY_LC1_3A11
0.4422363,0.4586158,CV.Total.SURVEY_LC1_3A12
NA,0.8143586,CV.Total.SURVEY_LC1_3A13
0.1115780,0.1921228,CV.Total.SURVEY_LC1_3A21
0.10794926,0.08590372,CV.Total.SURVEY_LC1_3A22
0.0825623,0.1005466,CV.Total.SURVEY_LC1_3A30
0.17049590,0.04412969,CV.Total.SURVEY_LC1_3B11
0.8143586,0.2595720,CV.Total.SURVEY_LC1_3B12
0.24878221,0.05842556,CV.Total.SURVEY_LC1_3B13
0.8769455,0.1655858,CV.Total.SURVEY_LC1_3B14
0.30450570,0.09580741,CV.Total.SURVEY_LC1_3B15
0.0000000,0.1570052,CV.Total.SURVEY_LC1_3B16
0.6126768,0.2599311,CV.Total.SURVEY_LC1_3B18
NA,0.1894475,CV.Total.SURVEY_LC1_3B21
NA,0.1664883,CV.Total.SURVEY_LC1_3B22
NA,0.3378946,CV.Total.SURVEY_LC1_3B23
0.2988666,0.0939417,CV.Total.SURVEY_LC1_3B32
NA,0.465719,CV.Total.SURVEY_LC1_3B35
0.4657190,0.1522601,CV.Total.SURVEY_LC1_3B41
NA,0.4152341,CV.Total.SURVEY_LC1_3B43
NA,  0,CV.Total.SURVEY_LC1_3B44
NA,0.5675568,CV.Total.SURVEY_LC1_3B45
0.6770018,0.1525088,CV.Total.SURVEY_LC1_3B51
NA,0.4796363,CV.Total.SURVEY_LC1_3B52
0.15505607,0.08591805,CV.Total.SURVEY_LC1_3B53
0.7259663,0.4564457,CV.Total.SURVEY_LC1_3B54
0.1129805,0.0455965,CV.Total.SURVEY_LC1_3B55
0.0000000,0.3838724,CV.Total.SURVEY_LC1_3B71
NA,  0,CV.Total.SURVEY_LC1_3B73
0,0,CV.Total.SURVEY_LC1_3B75
NA,0.3359747,CV.Total.SURVEY_LC1_3B84
0.05436397,NA,CV.Total.SURVEY_LC1_3Bx1
0.4163332,NA,CV.Total.SURVEY_LC1_3Bx2
  0,NA,CV.Total.SURVEY_LC1_3Bxx
0.05338359,0.04893641,CV.Total.SURVEY_LC1_3C10
0.03690111,0.04148542,CV.Total.SURVEY_LC1_3C21
0.02740152,0.03406585,CV.Total.SURVEY_LC1_3C22
0.11284668,0.07276522,CV.Total.SURVEY_LC1_3C23
0.0568098,NA,CV.Total.SURVEY_LC1_3C2x
0.05023945,0.04270015,CV.Total.SURVEY_LC1_3C31
0.05122627,0.05853788,CV.Total.SURVEY_LC1_3C32
0.1143124,0.0691594,CV.Total.SURVEY_LC1_3C33
0.04947862,NA,CV.Total.SURVEY_LC1_3C3x
0.3881714,NA,CV.Total.SURVEY_LC1_3Cxx
0.06151318,0.10937255,CV.Total.SURVEY_LC1_3D10
0.02043827,0.14017678,CV.Total.SURVEY_LC1_3D20
0.2966535,NA,CV.Total.SURVEY_LC1_3D2x
0.867047,NA,CV.Total.SURVEY_LC1_3Dxx
0.12778998,0.09225283,CV.Total.SURVEY_LC1_3E10
0.5928287,NA,CV.Total.SURVEY_LC1_3E1x
0.04198969,0.02046929,CV.Total.SURVEY_LC1_3E20
  0,NA,CV.Total.SURVEY_LC1_3E2x
0.1125717,0.0845519,CV.Total.SURVEY_LC1_3E30
0.8194389,NA,CV.Total.SURVEY_LC1_3Exx
0.07050663,0.01885116,CV.Total.SURVEY_LC1_3F10
0.1346323,0.1954675,CV.Total.SURVEY_LC1_3F20
0.03911901,0.20384632,CV.Total.SURVEY_LC1_3F30
  0,NA,CV.Total.SURVEY_LC1_3F3x
0.1532673,0.1029332,CV.Total.SURVEY_LC1_3F40
0.005044828,0.081994560,CV.Total.SURVEY_LC1_3G11
  0,NA,CV.Total.SURVEY_LC1_3G12
0.07139474,0.08401713,CV.Total.SURVEY_LC1_3G21
  0,NA,CV.Total.SURVEY_LC1_3G2x
  0,NA,CV.Total.SURVEY_LC1_3G40
0.3930941,NA,CV.Total.SURVEY_LC1_3G50
0.04209468,0.08882049,CV.Total.SURVEY_LC1_3H11
0.01775101,0.04917858,CV.Total.SURVEY_LC1_3H12
0,0,CV.Total.SURVEY_LC1_3H21
0.033734653,0.009602359,CV.Total.SURVEY_LU1_3U111
0.0000000,0.1054623,CV.Total.SURVEY_LU1_3U112
0.0000000,0.5525407,CV.Total.SURVEY_LU1_3U113
0.01278144,0.01341994,CV.Total.SURVEY_LU1_3U120
0.03323474,NA,CV.Total.SURVEY_LU1_3U130
0.05593468,0.11272962,CV.Total.SURVEY_LU1_3U140
0.9600344,0.4128627,CV.Total.SURVEY_LU1_3U150
0.02160777,0.00000000,CV.Total.SURVEY_LU1_3U210
0.6136543,NA,CV.Total.SURVEY_LU1_3U221
  0,NA,CV.Total.SURVEY_LU1_3U223
0.0000000,0.4491355,CV.Total.SURVEY_LU1_3U224
0.6116781,NA,CV.Total.SURVEY_LU1_3U225
0.5484927,0.0000000,CV.Total.SURVEY_LU1_3U226
0.3506336,NA,CV.Total.SURVEY_LU1_3U227
0.3286155,0.2493994,CV.Total.SURVEY_LU1_3U311
0.08844342,0.07174963,CV.Total.SURVEY_LU1_3U312
0.01339783,0.09148830,CV.Total.SURVEY_LU1_3U313
0.05127996,0.33784058,CV.Total.SURVEY_LU1_3U314
NA,  0,CV.Total.SURVEY_LU1_3U315
0.0000000,0.6093773,CV.Total.SURVEY_LU1_3U316
0.2603161,0.1110791,CV.Total.SURVEY_LU1_3U317
0.1439411,0.1422865,CV.Total.SURVEY_LU1_3U319
0.0000000,0.6457751,CV.Total.SURVEY_LU1_3U321
0.09148882,0.00000000,CV.Total.SURVEY_LU1_3U322
0.3291257,0.3155610,CV.Total.SURVEY_LU1_3U330
0.2121184,0.1044842,CV.Total.SURVEY_LU1_3U341
0.6060725,NA,CV.Total.SURVEY_LU1_3U342
0.04955982,0.33710701,CV.Total.SURVEY_LU1_3U350
0.0171642,0.1551535,CV.Total.SURVEY_LU1_3U361
0.2157369,0.2026021,CV.Total.SURVEY_LU1_3U362
0.07469939,0.06757701,CV.Total.SURVEY_LU1_3U370
0.2285001,0.5815800,CV.Total.SURVEY_LU1_3U411
0.07489746,0.00000000,CV.Total.SURVEY_LU1_3U413
0,0,CV.Total.SURVEY_LU1_3U414
0.2684133,0.2150216,CV.Total.SURVEY_LU1_3U415
0.01142239,0.04880354,CV.Total.SURVEY_LU1_3U420
0.006406372,0.010077480,CV.Total.settlement0
0.02811492,0.04028401,CV.Total.settlement1
0.02811492,0.04028401,CV.Total.settl_pc
0.00550469,0.01212633,CV.Total.fao_class_name0
0.01098983,0.01326743,CV.Total.fao_class_name1
0.06518157,0.11565246,CV.Total.fao_class_name2
0.1291571,0.1194238,CV.Total.fao_class_name3
0.006898364,0.009965770,CV.Total.lue0
0.01695001,0.06649790,CV.Total.lue1
0.006333176,0.009837368,CV.Total.lud0
0.02100937,0.05811647,CV.Total.lud1
