CZ0.No,CZ0.Yes,variable
No,Yes,flag_two
10252.72,68618.28,Total.area
   0.000,3691.514,Total.SURVEY_LC1_1A
10165.33,14135.21,Total.SURVEY_LC1_1B
   74.53321,28781.84503,Total.SURVEY_LC1_1C
  3.774488,596.022650,Total.SURVEY_LC1_1D
    9.08778,18231.65192,Total.SURVEY_LC1_1E
   0.000,2031.052,Total.SURVEY_LC1_1F
  0.0000,975.6858,Total.SURVEY_LC1_1G
  0.0000,175.2969,Total.SURVEY_LC1_1H
10238.84,57174.06,Total.SURVEY_LU1_1U1
  0.0000,387.4697,Total.SURVEY_LU1_1U2
  10.10509,7142.52053,Total.SURVEY_LU1_1U3
   3.774488,3914.231715,Total.SURVEY_LU1_1U4
   0.000,1479.604,Total.SURVEY_LC1_2A1
   0.000,2000.107,Total.SURVEY_LC1_2A2
  0.0000,211.8031,Total.SURVEY_LC1_2A3
   0.000,7998.566,Total.SURVEY_LC1_2B1
  0.0000,470.0432,Total.SURVEY_LC1_2B2
   0.00,3032.54,Total.SURVEY_LC1_2B3
  0.0000,318.8616,Total.SURVEY_LC1_2B4
   0.000,1049.045,Total.SURVEY_LC1_2B5
   0.000,1098.661,Total.SURVEY_LC1_2B7
  0.0000,167.4922,Total.SURVEY_LC1_2B8
10165.33,    0.00,Total.SURVEY_LC1_2Bx
  16.43012,7880.46612,Total.SURVEY_LC1_2C1
   16.14227,13734.04024,Total.SURVEY_LC1_2C2
   8.003645,7167.338659,Total.SURVEY_LC1_2C3
33.95717, 0.00000,Total.SURVEY_LC1_2Cx
  3.774488,275.352348,Total.SURVEY_LC1_2D1
  0.0000,320.6703,Total.SURVEY_LC1_2D2
   4.932407,1814.898254,Total.SURVEY_LC1_2E1
    4.155373,14693.516328,Total.SURVEY_LC1_2E2
   0.000,1723.237,Total.SURVEY_LC1_2E3
 0.00000,33.74744,Total.SURVEY_LC1_2F1
 0.00000,15.97422,Total.SURVEY_LC1_2F2
   0.00,1981.33,Total.SURVEY_LC1_2F4
  0.0000,760.4221,Total.SURVEY_LC1_2G1
  0.0000,215.2637,Total.SURVEY_LC1_2G2
  0.0000,175.2969,Total.SURVEY_LC1_2H1
10164.31,28223.78,Total.SURVEY_LU1_2U11
   74.53321,28287.82066,Total.SURVEY_LU1_2U12
  0.0000,429.5039,Total.SURVEY_LU1_2U13
  0.0000,220.8273,Total.SURVEY_LU1_2U14
 0.0000,12.1252,Total.SURVEY_LU1_2U15
  0.0000,121.4658,Total.SURVEY_LU1_2U21
  0.0000,266.0039,Total.SURVEY_LU1_2U22
   0.000,2153.173,Total.SURVEY_LU1_2U31
  0.0000,124.3889,Total.SURVEY_LU1_2U32
 0.00000,75.01855,Total.SURVEY_LU1_2U33
  0.0000,256.1216,Total.SURVEY_LU1_2U34
  5.172686,814.814975,Total.SURVEY_LU1_2U35
  0.0000,840.0033,Total.SURVEY_LU1_2U36
   4.932407,2879.000388,Total.SURVEY_LU1_2U37
  0.000,296.169,Total.SURVEY_LU1_2U41
   3.774488,3618.062758,Total.SURVEY_LU1_2U42
   0.000,1429.819,Total.SURVEY_LC1_3A11
 0.00000,28.34151,Total.SURVEY_LC1_3A12
 0.00000,21.44319,Total.SURVEY_LC1_3A13
  0.0000,611.3643,Total.SURVEY_LC1_3A21
   0.000,1388.743,Total.SURVEY_LC1_3A22
  0.0000,211.8031,Total.SURVEY_LC1_3A30
   0.000,3828.428,Total.SURVEY_LC1_3B11
  0.000,210.003,Total.SURVEY_LC1_3B12
   0.000,1457.561,Total.SURVEY_LC1_3B13
  0.0000,329.6957,Total.SURVEY_LC1_3B14
  0.0000,317.9617,Total.SURVEY_LC1_3B15
   0.000,1605.566,Total.SURVEY_LC1_3B16
  0.0000,113.8913,Total.SURVEY_LC1_3B18
  0.0000,135.4588,Total.SURVEY_LC1_3B19
 0.00000,93.05286,Total.SURVEY_LC1_3B21
  0.0000,331.6537,Total.SURVEY_LC1_3B22
 0.00000,45.33663,Total.SURVEY_LC1_3B23
  0.0000,106.9731,Total.SURVEY_LC1_3B31
   0.000,2442.737,Total.SURVEY_LC1_3B32
  0.0000,114.8194,Total.SURVEY_LC1_3B33
  0.0000,273.6854,Total.SURVEY_LC1_3B35
 0.00000,94.32491,Total.SURVEY_LC1_3B37
  0.0000,277.1863,Total.SURVEY_LC1_3B41
0.000000,3.716902,Total.SURVEY_LC1_3B42
 0.00000,28.39006,Total.SURVEY_LC1_3B43
0.000000,9.568279,Total.SURVEY_LC1_3B44
  0.0000,438.8965,Total.SURVEY_LC1_3B51
  0.0000,332.7191,Total.SURVEY_LC1_3B52
  0.0000,119.5017,Total.SURVEY_LC1_3B53
0.00000,4.12824,Total.SURVEY_LC1_3B54
  0.0,153.8,Total.SURVEY_LC1_3B55
  0.0000,484.3311,Total.SURVEY_LC1_3B71
 0.00000,27.67309,Total.SURVEY_LC1_3B72
  0.0000,158.2271,Total.SURVEY_LC1_3B73
  0.0000,158.8827,Total.SURVEY_LC1_3B74
  0.0000,269.5474,Total.SURVEY_LC1_3B75
  0.0000,149.5671,Total.SURVEY_LC1_3B82
0.000000,4.061038,Total.SURVEY_LC1_3B83
 0.00000,13.86407,Total.SURVEY_LC1_3B84
9924.309,   0.000,Total.SURVEY_LC1_3Bx1
241.0182,  0.0000,Total.SURVEY_LC1_3Bx2
   0.000,7880.466,Total.SURVEY_LC1_3C10
16.43012, 0.00000,Total.SURVEY_LC1_3C1x
    0.00,10187.72,Total.SURVEY_LC1_3C21
  0.0000,867.1412,Total.SURVEY_LC1_3C22
   0.000,2679.183,Total.SURVEY_LC1_3C23
16.14227, 0.00000,Total.SURVEY_LC1_3C2x
   0.000,1650.116,Total.SURVEY_LC1_3C31
   0.000,1251.931,Total.SURVEY_LC1_3C32
   0.000,4265.292,Total.SURVEY_LC1_3C33
8.003645,0.000000,Total.SURVEY_LC1_3C3x
33.95717, 0.00000,Total.SURVEY_LC1_3Cxx
  0.0000,275.3523,Total.SURVEY_LC1_3D10
3.774488,0.000000,Total.SURVEY_LC1_3D1x
  0.0000,320.6703,Total.SURVEY_LC1_3D20
   0.000,1814.898,Total.SURVEY_LC1_3E10
4.932407,0.000000,Total.SURVEY_LC1_3E1x
    0.00,14693.52,Total.SURVEY_LC1_3E20
4.155373,0.000000,Total.SURVEY_LC1_3E2x
   0.000,1723.237,Total.SURVEY_LC1_3E30
 0.00000,33.74744,Total.SURVEY_LC1_3F10
 0.00000,15.97422,Total.SURVEY_LC1_3F20
   0.00,1981.33,Total.SURVEY_LC1_3F40
  0.0000,760.4221,Total.SURVEY_LC1_3G11
  0.0000,215.2637,Total.SURVEY_LC1_3G21
  0.0000,171.2466,Total.SURVEY_LC1_3H11
0.000000,4.050312,Total.SURVEY_LC1_3H12
 9969.517,27387.850,Total.SURVEY_LU1_3U111
  0.0000,119.3828,Total.SURVEY_LU1_3U112
194.7929,716.5458,Total.SURVEY_LU1_3U113
   74.53321,28287.82066,Total.SURVEY_LU1_3U120
  0.0000,429.5039,Total.SURVEY_LU1_3U130
  0.0000,220.8273,Total.SURVEY_LU1_3U140
 0.0000,12.1252,Total.SURVEY_LU1_3U150
  0.0000,121.4658,Total.SURVEY_LU1_3U210
 0.00000,25.91313,Total.SURVEY_LU1_3U221
0.000000,4.418356,Total.SURVEY_LU1_3U222
 0.00000,25.62169,Total.SURVEY_LU1_3U223
 0.00000,74.70972,Total.SURVEY_LU1_3U224
0.000000,9.380254,Total.SURVEY_LU1_3U225
 0.00000,93.17686,Total.SURVEY_LU1_3U226
 0.00000,23.42193,Total.SURVEY_LU1_3U227
0.000000,9.362002,Total.SURVEY_LU1_3U228
  0.0000,118.7332,Total.SURVEY_LU1_3U311
   0.000,1525.697,Total.SURVEY_LU1_3U312
 0.00000,66.51225,Total.SURVEY_LU1_3U313
 0.00000,85.06581,Total.SURVEY_LU1_3U314
  0.0000,149.6181,Total.SURVEY_LU1_3U317
 0.00000,21.24356,Total.SURVEY_LU1_3U318
  0.0000,186.3025,Total.SURVEY_LU1_3U319
  0.0000,116.0174,Total.SURVEY_LU1_3U321
0.000000,8.371476,Total.SURVEY_LU1_3U322
 0.00000,75.01855,Total.SURVEY_LU1_3U330
  0.0000,242.6695,Total.SURVEY_LU1_3U341
 0.00000,13.45208,Total.SURVEY_LU1_3U342
  5.172686,814.814975,Total.SURVEY_LU1_3U350
  0.0000,531.8638,Total.SURVEY_LU1_3U361
  0.0000,308.1395,Total.SURVEY_LU1_3U362
   4.932407,2879.000388,Total.SURVEY_LU1_3U370
 0.00000,11.65755,Total.SURVEY_LU1_3U411
 0.0000,17.9945,Total.SURVEY_LU1_3U412
0.00000,7.85086,Total.SURVEY_LU1_3U413
0.000000,8.136588,Total.SURVEY_LU1_3U414
  0.0000,250.5295,Total.SURVEY_LU1_3U415
   3.774488,3618.062758,Total.SURVEY_LU1_3U420
10242.62,61454.67,Total.settlement0
  10.10509,7163.60968,Total.settlement1
0.0009332779,0.6616107586,Total.settl_pc
10212.15,38789.14,Total.fao_class_name0
   40.57604,28314.84721,Total.fao_class_name1
  0.0000,591.4421,Total.fao_class_name2
  0.0000,922.8452,Total.fao_class_name3
10242.62,63828.34,Total.lue0
  10.10509,4789.94026,Total.lue1
10252.72,65657.40,Total.lud0
   0.000,2960.877,Total.lud1
158.1877,214.7156,SE.Total.area
 0.00000,67.84675,SE.Total.SURVEY_LC1_1A
156.3981,177.4458,SE.Total.SURVEY_LC1_1B
 23.99136,576.26487,SE.Total.SURVEY_LC1_1C
 0.00000,28.58056,SE.Total.SURVEY_LC1_1D
  0.0000,538.0857,SE.Total.SURVEY_LC1_1E
 0.00000,86.73845,SE.Total.SURVEY_LC1_1F
0.0000000,0.6014301,SE.Total.SURVEY_LC1_1G
 0.00000,13.46053,SE.Total.SURVEY_LC1_1H
158.1771,425.9340,SE.Total.SURVEY_LU1_1U1
 0.00000,71.66304,SE.Total.SURVEY_LU1_1U2
  2.028894,190.065281,SE.Total.SURVEY_LU1_1U3
  0.0000,298.9003,SE.Total.SURVEY_LU1_1U4
 0.000,92.927,SE.Total.SURVEY_LC1_2A1
 0.00000,99.49872,SE.Total.SURVEY_LC1_2A2
 0.00000,21.33108,SE.Total.SURVEY_LC1_2A3
  0.0000,146.2705,SE.Total.SURVEY_LC1_2B1
 0.0000,36.0673,SE.Total.SURVEY_LC1_2B2
  0.0000,100.6681,SE.Total.SURVEY_LC1_2B3
 0.00000,28.82465,SE.Total.SURVEY_LC1_2B4
 0.00000,70.27503,SE.Total.SURVEY_LC1_2B5
 0.00000,70.19457,SE.Total.SURVEY_LC1_2B7
 0.00000,20.42743,SE.Total.SURVEY_LC1_2B8
156.3981,  0.0000,SE.Total.SURVEY_LC1_2Bx
 14.4199,732.9516,SE.Total.SURVEY_LC1_2C1
   2.154449,1063.836651,SE.Total.SURVEY_LC1_2C2
  0.0000,854.6769,SE.Total.SURVEY_LC1_2C3
19.05282, 0.00000,SE.Total.SURVEY_LC1_2Cx
 0.00000,20.31549,SE.Total.SURVEY_LC1_2D1
 0.00000,20.22306,SE.Total.SURVEY_LC1_2D2
  0.0000,317.4373,SE.Total.SURVEY_LC1_2E1
  0.0000,365.8913,SE.Total.SURVEY_LC1_2E2
  0.000,274.408,SE.Total.SURVEY_LC1_2E3
0,0,SE.Total.SURVEY_LC1_2F1
0,0,SE.Total.SURVEY_LC1_2F2
 0.00000,86.73845,SE.Total.SURVEY_LC1_2F4
0.000000,6.608165,SE.Total.SURVEY_LC1_2G1
0.000000,6.630411,SE.Total.SURVEY_LC1_2G2
 0.00000,13.46053,SE.Total.SURVEY_LC1_2H1
156.3873,199.4200,SE.Total.SURVEY_LU1_2U11
 23.99136,385.36855,SE.Total.SURVEY_LU1_2U12
0.00000,7.38379,SE.Total.SURVEY_LU1_2U13
0.000000,7.637621,SE.Total.SURVEY_LU1_2U14
0,0,SE.Total.SURVEY_LU1_2U15
 0.00000,59.59184,SE.Total.SURVEY_LU1_2U21
 0.00000,40.15952,SE.Total.SURVEY_LU1_2U22
  0.0000,101.4553,SE.Total.SURVEY_LU1_2U31
0.000000,8.683057,SE.Total.SURVEY_LU1_2U32
 0.00000,11.29229,SE.Total.SURVEY_LU1_2U33
 0.0000,41.5913,SE.Total.SURVEY_LU1_2U34
  2.028894,166.354325,SE.Total.SURVEY_LU1_2U35
 0.00000,56.21166,SE.Total.SURVEY_LU1_2U36
  0.0000,110.2718,SE.Total.SURVEY_LU1_2U37
 0.00000,29.84154,SE.Total.SURVEY_LU1_2U41
  0.0000,297.6523,SE.Total.SURVEY_LU1_2U42
 0.00000,92.63981,SE.Total.SURVEY_LC1_3A11
 0.0000,14.5451,SE.Total.SURVEY_LC1_3A12
0.000000,6.887341,SE.Total.SURVEY_LC1_3A13
 0.00000,70.19252,SE.Total.SURVEY_LC1_3A21
 0.00000,84.34168,SE.Total.SURVEY_LC1_3A22
 0.00000,21.33108,SE.Total.SURVEY_LC1_3A30
  0.0000,112.2607,SE.Total.SURVEY_LC1_3B11
 0.00000,25.30925,SE.Total.SURVEY_LC1_3B12
 0.00000,71.51315,SE.Total.SURVEY_LC1_3B13
 0.00000,40.64571,SE.Total.SURVEY_LC1_3B14
 0.00000,38.52661,SE.Total.SURVEY_LC1_3B15
 0.00000,70.95894,SE.Total.SURVEY_LC1_3B16
 0.00000,19.77224,SE.Total.SURVEY_LC1_3B18
 0.00000,25.40191,SE.Total.SURVEY_LC1_3B19
0.000000,9.539061,SE.Total.SURVEY_LC1_3B21
 0.00000,33.63574,SE.Total.SURVEY_LC1_3B22
0.000000,9.201801,SE.Total.SURVEY_LC1_3B23
 0.00000,17.93017,SE.Total.SURVEY_LC1_3B31
 0.00000,91.94465,SE.Total.SURVEY_LC1_3B32
 0.00000,14.90712,SE.Total.SURVEY_LC1_3B33
 0.00000,35.84621,SE.Total.SURVEY_LC1_3B35
 0.00000,16.80581,SE.Total.SURVEY_LC1_3B37
 0.00000,28.37407,SE.Total.SURVEY_LC1_3B41
0,0,SE.Total.SURVEY_LC1_3B42
0.000000,4.161582,SE.Total.SURVEY_LC1_3B43
0.000000,3.014842,SE.Total.SURVEY_LC1_3B44
 0.00000,55.38192,SE.Total.SURVEY_LC1_3B51
 0.00000,33.92324,SE.Total.SURVEY_LC1_3B52
 0.00000,20.84472,SE.Total.SURVEY_LC1_3B53
0.0000000,0.2789606,SE.Total.SURVEY_LC1_3B54
 0.00000,18.83553,SE.Total.SURVEY_LC1_3B55
 0.00000,49.79749,SE.Total.SURVEY_LC1_3B71
0,0,SE.Total.SURVEY_LC1_3B72
0.000000,9.818252,SE.Total.SURVEY_LC1_3B73
 0.0000,46.7628,SE.Total.SURVEY_LC1_3B74
 0.00000,15.45501,SE.Total.SURVEY_LC1_3B75
 0.00000,16.85978,SE.Total.SURVEY_LC1_3B82
0,0,SE.Total.SURVEY_LC1_3B83
 0.00000,11.53377,SE.Total.SURVEY_LC1_3B84
153.7386,  0.0000,SE.Total.SURVEY_LC1_3Bx1
29.09657, 0.00000,SE.Total.SURVEY_LC1_3Bx2
  0.0000,732.9516,SE.Total.SURVEY_LC1_3C10
14.4199, 0.0000,SE.Total.SURVEY_LC1_3C1x
   0.000,1030.598,SE.Total.SURVEY_LC1_3C21
  0.0000,375.5193,SE.Total.SURVEY_LC1_3C22
  0.0000,665.6182,SE.Total.SURVEY_LC1_3C23
2.154449,0.000000,SE.Total.SURVEY_LC1_3C2x
  0.0000,440.3792,SE.Total.SURVEY_LC1_3C31
  0.0000,404.7401,SE.Total.SURVEY_LC1_3C32
  0.00,704.19,SE.Total.SURVEY_LC1_3C33
0,0,SE.Total.SURVEY_LC1_3C3x
19.05282, 0.00000,SE.Total.SURVEY_LC1_3Cxx
 0.00000,20.31549,SE.Total.SURVEY_LC1_3D10
0,0,SE.Total.SURVEY_LC1_3D1x
 0.00000,20.22306,SE.Total.SURVEY_LC1_3D20
  0.0000,317.4373,SE.Total.SURVEY_LC1_3E10
0,0,SE.Total.SURVEY_LC1_3E1x
  0.0000,365.8913,SE.Total.SURVEY_LC1_3E20
0,0,SE.Total.SURVEY_LC1_3E2x
  0.000,274.408,SE.Total.SURVEY_LC1_3E30
0,0,SE.Total.SURVEY_LC1_3F10
0,0,SE.Total.SURVEY_LC1_3F20
 0.00000,86.73845,SE.Total.SURVEY_LC1_3F40
0.000000,6.608165,SE.Total.SURVEY_LC1_3G11
0.000000,6.630411,SE.Total.SURVEY_LC1_3G21
 0.00000,13.46053,SE.Total.SURVEY_LC1_3H11
0,0,SE.Total.SURVEY_LC1_3H12
154.1210,197.0942,SE.Total.SURVEY_LU1_3U111
 0.00000,18.32575,SE.Total.SURVEY_LU1_3U112
27.71143,65.13513,SE.Total.SURVEY_LU1_3U113
 23.99136,385.36855,SE.Total.SURVEY_LU1_3U120
0.00000,7.38379,SE.Total.SURVEY_LU1_3U130
0.000000,7.637621,SE.Total.SURVEY_LU1_3U140
0,0,SE.Total.SURVEY_LU1_3U150
 0.00000,59.59184,SE.Total.SURVEY_LU1_3U210
0.000000,8.792064,SE.Total.SURVEY_LU1_3U221
0.000000,1.397207,SE.Total.SURVEY_LU1_3U222
0.000000,8.181597,SE.Total.SURVEY_LU1_3U223
 0.00000,31.85419,SE.Total.SURVEY_LU1_3U224
0.000000,1.584847,SE.Total.SURVEY_LU1_3U225
 0.00000,20.58065,SE.Total.SURVEY_LU1_3U226
0.000000,4.541998,SE.Total.SURVEY_LU1_3U227
0.000000,7.123415,SE.Total.SURVEY_LU1_3U228
 0.00000,15.31798,SE.Total.SURVEY_LU1_3U311
 0.00000,94.79219,SE.Total.SURVEY_LU1_3U312
0,0,SE.Total.SURVEY_LU1_3U313
0.000000,9.611919,SE.Total.SURVEY_LU1_3U314
 0.00000,29.27241,SE.Total.SURVEY_LU1_3U317
0.000000,2.550815,SE.Total.SURVEY_LU1_3U318
 0.00000,21.30427,SE.Total.SURVEY_LU1_3U319
0.000000,8.595548,SE.Total.SURVEY_LU1_3U321
0.000000,1.229651,SE.Total.SURVEY_LU1_3U322
 0.00000,11.29229,SE.Total.SURVEY_LU1_3U330
 0.00000,41.54993,SE.Total.SURVEY_LU1_3U341
0.000000,2.194576,SE.Total.SURVEY_LU1_3U342
  2.028894,166.354325,SE.Total.SURVEY_LU1_3U350
 0.000,30.759,SE.Total.SURVEY_LU1_3U361
 0.00000,47.18244,SE.Total.SURVEY_LU1_3U362
  0.0000,110.2718,SE.Total.SURVEY_LU1_3U370
0,0,SE.Total.SURVEY_LU1_3U411
 0.00000,12.30608,SE.Total.SURVEY_LU1_3U412
0.000000,5.515152,SE.Total.SURVEY_LU1_3U413
0.0000000,0.2789606,SE.Total.SURVEY_LU1_3U414
 0.00000,26.61923,SE.Total.SURVEY_LU1_3U415
  0.0000,297.6523,SE.Total.SURVEY_LU1_3U420
158.1771,288.6103,SE.Total.settlement0
  2.028894,192.240205,SE.Total.settlement1
0.000187383,0.017754762,SE.Total.settl_pc
157.5544,430.0241,SE.Total.fao_class_name0
 14.57996,504.31767,SE.Total.fao_class_name1
  0.000,242.337,SE.Total.fao_class_name2
 0.00000,60.07528,SE.Total.fao_class_name3
158.1771,287.6079,SE.Total.lue0
  2.028894,189.255822,SE.Total.lue1
158.1877,245.1604,SE.Total.lud0
  0.0000,120.7747,SE.Total.lud1
 9942.681,68197.442,CI.l(95%).Total.area
   0.000,3558.537,CI.l(95%).Total.SURVEY_LC1_1A
 9858.793,13787.422,CI.l(95%).Total.SURVEY_LC1_1B
   27.51101,27652.38663,CI.l(95%).Total.SURVEY_LC1_1C
  3.774488,540.005779,CI.l(95%).Total.SURVEY_LC1_1D
    9.08778,17177.02327,CI.l(95%).Total.SURVEY_LC1_1E
   0.000,1861.047,CI.l(95%).Total.SURVEY_LC1_1F
  0.0000,974.5071,CI.l(95%).Total.SURVEY_LC1_1G
  0.0000,148.9147,CI.l(95%).Total.SURVEY_LC1_1H
 9928.822,56339.240,CI.l(95%).Total.SURVEY_LU1_1U1
  0.0000,247.0127,CI.l(95%).Total.SURVEY_LU1_1U2
   6.128533,6769.999423,CI.l(95%).Total.SURVEY_LU1_1U3
   3.774488,3328.397895,CI.l(95%).Total.SURVEY_LU1_1U4
   0.00,1297.47,CI.l(95%).Total.SURVEY_LC1_2A1
   0.000,1805.093,CI.l(95%).Total.SURVEY_LC1_2A2
  0.0000,169.9949,CI.l(95%).Total.SURVEY_LC1_2A3
   0.000,7711.881,CI.l(95%).Total.SURVEY_LC1_2B1
  0.0000,399.3526,CI.l(95%).Total.SURVEY_LC1_2B2
   0.000,2835.234,CI.l(95%).Total.SURVEY_LC1_2B3
  0.0000,262.3663,CI.l(95%).Total.SURVEY_LC1_2B4
  0.0000,911.3089,CI.l(95%).Total.SURVEY_LC1_2B5
  0.0000,961.0825,CI.l(95%).Total.SURVEY_LC1_2B7
  0.0000,127.4552,CI.l(95%).Total.SURVEY_LC1_2B8
9858.793,   0.000,CI.l(95%).Total.SURVEY_LC1_2Bx
 -11.83237,6443.90743,CI.l(95%).Total.SURVEY_LC1_2C1
   11.91963,11648.95872,CI.l(95%).Total.SURVEY_LC1_2C2
   8.003645,5492.202734,CI.l(95%).Total.SURVEY_LC1_2C3
-3.38567, 0.00000,CI.l(95%).Total.SURVEY_LC1_2Cx
  3.774488,235.534710,CI.l(95%).Total.SURVEY_LC1_2D1
  0.0000,281.0338,CI.l(95%).Total.SURVEY_LC1_2D2
   4.932407,1192.732551,CI.l(95%).Total.SURVEY_LC1_2E1
    4.155373,13976.382482,CI.l(95%).Total.SURVEY_LC1_2E2
   0.000,1185.408,CI.l(95%).Total.SURVEY_LC1_2E3
 0.00000,33.74744,CI.l(95%).Total.SURVEY_LC1_2F1
 0.00000,15.97422,CI.l(95%).Total.SURVEY_LC1_2F2
   0.000,1811.326,CI.l(95%).Total.SURVEY_LC1_2F4
  0.0000,747.4704,CI.l(95%).Total.SURVEY_LC1_2G1
  0.0000,202.2683,CI.l(95%).Total.SURVEY_LC1_2G2
  0.0000,148.9147,CI.l(95%).Total.SURVEY_LC1_2H1
 9857.797,27832.922,CI.l(95%).Total.SURVEY_LU1_2U11
   27.51101,27532.51219,CI.l(95%).Total.SURVEY_LU1_2U12
  0.000,415.032,CI.l(95%).Total.SURVEY_LU1_2U13
  0.0000,205.8578,CI.l(95%).Total.SURVEY_LU1_2U14
 0.0000,12.1252,CI.l(95%).Total.SURVEY_LU1_2U15
0.000000,4.667918,CI.l(95%).Total.SURVEY_LU1_2U21
  0.0000,187.2927,CI.l(95%).Total.SURVEY_LU1_2U22
   0.000,1954.324,CI.l(95%).Total.SURVEY_LU1_2U31
  0.0000,107.3704,CI.l(95%).Total.SURVEY_LU1_2U32
 0.00000,52.88606,CI.l(95%).Total.SURVEY_LU1_2U33
  0.0000,174.6041,CI.l(95%).Total.SURVEY_LU1_2U34
  1.196126,488.766490,CI.l(95%).Total.SURVEY_LU1_2U35
  0.0000,729.8305,CI.l(95%).Total.SURVEY_LU1_2U36
   4.932407,2662.871726,CI.l(95%).Total.SURVEY_LU1_2U37
  0.0000,237.6806,CI.l(95%).Total.SURVEY_LU1_2U41
   3.774488,3034.674922,CI.l(95%).Total.SURVEY_LU1_2U42
   0.000,1248.249,CI.l(95%).Total.SURVEY_LC1_3A11
 0.0000000,-0.1663549,CI.l(95%).Total.SURVEY_LC1_3A12
0.000000,7.944249,CI.l(95%).Total.SURVEY_LC1_3A13
  0.0000,473.7895,CI.l(95%).Total.SURVEY_LC1_3A21
   0.000,1223.436,CI.l(95%).Total.SURVEY_LC1_3A22
  0.0000,169.9949,CI.l(95%).Total.SURVEY_LC1_3A30
   0.000,3608.401,CI.l(95%).Total.SURVEY_LC1_3B11
  0.0000,160.3978,CI.l(95%).Total.SURVEY_LC1_3B12
   0.000,1317.398,CI.l(95%).Total.SURVEY_LC1_3B13
  0.0000,250.0316,CI.l(95%).Total.SURVEY_LC1_3B14
  0.000,242.451,CI.l(95%).Total.SURVEY_LC1_3B15
   0.000,1466.489,CI.l(95%).Total.SURVEY_LC1_3B16
 0.00000,75.13842,CI.l(95%).Total.SURVEY_LC1_3B18
 0.00000,85.67199,CI.l(95%).Total.SURVEY_LC1_3B19
 0.00000,74.35664,CI.l(95%).Total.SURVEY_LC1_3B21
  0.0000,265.7289,CI.l(95%).Total.SURVEY_LC1_3B22
 0.00000,27.30143,CI.l(95%).Total.SURVEY_LC1_3B23
 0.00000,71.83061,CI.l(95%).Total.SURVEY_LC1_3B31
   0.000,2262.529,CI.l(95%).Total.SURVEY_LC1_3B32
 0.00000,85.60196,CI.l(95%).Total.SURVEY_LC1_3B33
  0.0000,203.4282,CI.l(95%).Total.SURVEY_LC1_3B35
 0.00000,61.38613,CI.l(95%).Total.SURVEY_LC1_3B37
  0.0000,221.5742,CI.l(95%).Total.SURVEY_LC1_3B41
0.000000,3.716902,CI.l(95%).Total.SURVEY_LC1_3B42
 0.00000,20.23351,CI.l(95%).Total.SURVEY_LC1_3B43
0.000000,3.659297,CI.l(95%).Total.SURVEY_LC1_3B44
  0.0000,330.3499,CI.l(95%).Total.SURVEY_LC1_3B51
  0.0000,266.2308,CI.l(95%).Total.SURVEY_LC1_3B52
 0.00000,78.64678,CI.l(95%).Total.SURVEY_LC1_3B53
0.000000,3.581488,CI.l(95%).Total.SURVEY_LC1_3B54
  0.000,116.883,CI.l(95%).Total.SURVEY_LC1_3B55
  0.0000,386.7298,CI.l(95%).Total.SURVEY_LC1_3B71
 0.00000,27.67309,CI.l(95%).Total.SURVEY_LC1_3B72
  0.0000,138.9837,CI.l(95%).Total.SURVEY_LC1_3B73
 0.00000,67.22934,CI.l(95%).Total.SURVEY_LC1_3B74
  0.0000,239.2561,CI.l(95%).Total.SURVEY_LC1_3B75
  0.0000,116.5226,CI.l(95%).Total.SURVEY_LC1_3B82
0.000000,4.061038,CI.l(95%).Total.SURVEY_LC1_3B83
 0.000000,-8.741706,CI.l(95%).Total.SURVEY_LC1_3B84
9622.987,   0.000,CI.l(95%).Total.SURVEY_LC1_3Bx1
183.9899,  0.0000,CI.l(95%).Total.SURVEY_LC1_3Bx2
   0.000,6443.907,CI.l(95%).Total.SURVEY_LC1_3C10
-11.83237,  0.00000,CI.l(95%).Total.SURVEY_LC1_3C1x
   0.000,8167.782,CI.l(95%).Total.SURVEY_LC1_3C21
  0.000,131.137,CI.l(95%).Total.SURVEY_LC1_3C22
   0.000,1374.595,CI.l(95%).Total.SURVEY_LC1_3C23
11.91963, 0.00000,CI.l(95%).Total.SURVEY_LC1_3C2x
  0.0000,786.9882,CI.l(95%).Total.SURVEY_LC1_3C31
  0.0000,458.6553,CI.l(95%).Total.SURVEY_LC1_3C32
   0.000,2885.105,CI.l(95%).Total.SURVEY_LC1_3C33
8.003645,0.000000,CI.l(95%).Total.SURVEY_LC1_3C3x
-3.38567, 0.00000,CI.l(95%).Total.SURVEY_LC1_3Cxx
  0.0000,235.5347,CI.l(95%).Total.SURVEY_LC1_3D10
3.774488,0.000000,CI.l(95%).Total.SURVEY_LC1_3D1x
  0.0000,281.0338,CI.l(95%).Total.SURVEY_LC1_3D20
   0.000,1192.733,CI.l(95%).Total.SURVEY_LC1_3E10
4.932407,0.000000,CI.l(95%).Total.SURVEY_LC1_3E1x
    0.00,13976.38,CI.l(95%).Total.SURVEY_LC1_3E20
4.155373,0.000000,CI.l(95%).Total.SURVEY_LC1_3E2x
   0.000,1185.408,CI.l(95%).Total.SURVEY_LC1_3E30
 0.00000,33.74744,CI.l(95%).Total.SURVEY_LC1_3F10
 0.00000,15.97422,CI.l(95%).Total.SURVEY_LC1_3F20
   0.000,1811.326,CI.l(95%).Total.SURVEY_LC1_3F40
  0.0000,747.4704,CI.l(95%).Total.SURVEY_LC1_3G11
  0.0000,202.2683,CI.l(95%).Total.SURVEY_LC1_3G21
  0.0000,144.8644,CI.l(95%).Total.SURVEY_LC1_3H11
0.000000,4.050312,CI.l(95%).Total.SURVEY_LC1_3H12
 9667.446,27001.552,CI.l(95%).Total.SURVEY_LU1_3U111
 0.00000,83.46496,CI.l(95%).Total.SURVEY_LU1_3U112
140.4795,588.8833,CI.l(95%).Total.SURVEY_LU1_3U113
   27.51101,27532.51219,CI.l(95%).Total.SURVEY_LU1_3U120
  0.000,415.032,CI.l(95%).Total.SURVEY_LU1_3U130
  0.0000,205.8578,CI.l(95%).Total.SURVEY_LU1_3U140
 0.0000,12.1252,CI.l(95%).Total.SURVEY_LU1_3U150
0.000000,4.667918,CI.l(95%).Total.SURVEY_LU1_3U210
0.000000,8.680999,CI.l(95%).Total.SURVEY_LU1_3U221
0.000000,1.679881,CI.l(95%).Total.SURVEY_LU1_3U222
0.000000,9.586051,CI.l(95%).Total.SURVEY_LU1_3U223
 0.00000,12.27665,CI.l(95%).Total.SURVEY_LU1_3U224
0.000000,6.274011,CI.l(95%).Total.SURVEY_LU1_3U225
 0.00000,52.83952,CI.l(95%).Total.SURVEY_LU1_3U226
 0.00000,14.51977,CI.l(95%).Total.SURVEY_LU1_3U227
 0.000000,-4.599636,CI.l(95%).Total.SURVEY_LU1_3U228
 0.0000,88.7105,CI.l(95%).Total.SURVEY_LU1_3U311
   0.000,1339.908,CI.l(95%).Total.SURVEY_LU1_3U312
 0.00000,66.51225,CI.l(95%).Total.SURVEY_LU1_3U313
 0.00000,66.22679,CI.l(95%).Total.SURVEY_LU1_3U314
 0.00000,92.24527,CI.l(95%).Total.SURVEY_LU1_3U317
 0.00000,16.24405,CI.l(95%).Total.SURVEY_LU1_3U318
  0.0000,144.5469,CI.l(95%).Total.SURVEY_LU1_3U319
 0.00000,99.17048,CI.l(95%).Total.SURVEY_LU1_3U321
0.000000,5.961405,CI.l(95%).Total.SURVEY_LU1_3U322
 0.00000,52.88606,CI.l(95%).Total.SURVEY_LU1_3U330
  0.0000,161.2332,CI.l(95%).Total.SURVEY_LU1_3U341
0.000000,9.150789,CI.l(95%).Total.SURVEY_LU1_3U342
  1.196126,488.766490,CI.l(95%).Total.SURVEY_LU1_3U350
  0.0000,471.5772,CI.l(95%).Total.SURVEY_LU1_3U361
  0.0000,215.6636,CI.l(95%).Total.SURVEY_LU1_3U362
   4.932407,2662.871726,CI.l(95%).Total.SURVEY_LU1_3U370
 0.00000,11.65755,CI.l(95%).Total.SURVEY_LU1_3U411
 0.000000,-6.124979,CI.l(95%).Total.SURVEY_LU1_3U412
 0.000000,-2.958639,CI.l(95%).Total.SURVEY_LU1_3U413
0.000000,7.589836,CI.l(95%).Total.SURVEY_LU1_3U414
  0.0000,198.3567,CI.l(95%).Total.SURVEY_LU1_3U415
   3.774488,3034.674922,CI.l(95%).Total.SURVEY_LU1_3U420
 9932.596,60889.002,CI.l(95%).Total.settlement0
   6.128533,6786.825798,CI.l(95%).Total.settlement1
0.000566014,0.626812064,CI.l(95%).Total.settl_pc
 9903.346,37946.311,CI.l(95%).Total.fao_class_name0
   11.99984,27326.40273,CI.l(95%).Total.fao_class_name1
  0.0000,116.4703,CI.l(95%).Total.fao_class_name2
  0.0000,805.0998,CI.l(95%).Total.fao_class_name3
 9932.596,63264.636,CI.l(95%).Total.lue0
   6.128533,4419.005667,CI.l(95%).Total.lue1
 9942.681,65176.894,CI.l(95%).Total.lud0
   0.000,2724.163,CI.l(95%).Total.lud1
10562.77,69039.11,CI.u(95%).Total.area
   0.000,3824.491,CI.u(95%).Total.SURVEY_LC1_1A
10471.86,14483.00,CI.u(95%).Total.SURVEY_LC1_1B
  121.5554,29911.3034,CI.u(95%).Total.SURVEY_LC1_1C
  3.774488,652.039521,CI.u(95%).Total.SURVEY_LC1_1D
    9.08778,19286.28057,CI.u(95%).Total.SURVEY_LC1_1E
   0.000,2201.056,CI.u(95%).Total.SURVEY_LC1_1F
  0.0000,976.8646,CI.u(95%).Total.SURVEY_LC1_1G
  0.000,201.679,CI.u(95%).Total.SURVEY_LC1_1H
10548.86,58008.87,CI.u(95%).Total.SURVEY_LU1_1U1
  0.0000,527.9267,CI.u(95%).Total.SURVEY_LU1_1U2
  14.08165,7515.04164,CI.u(95%).Total.SURVEY_LU1_1U3
   3.774488,4500.065535,CI.u(95%).Total.SURVEY_LU1_1U4
   0.000,1661.737,CI.u(95%).Total.SURVEY_LC1_2A1
   0.000,2195.121,CI.u(95%).Total.SURVEY_LC1_2A2
  0.0000,253.6112,CI.u(95%).Total.SURVEY_LC1_2A3
   0.000,8285.251,CI.u(95%).Total.SURVEY_LC1_2B1
  0.0000,540.7338,CI.u(95%).Total.SURVEY_LC1_2B2
   0.000,3229.845,CI.u(95%).Total.SURVEY_LC1_2B3
  0.0000,375.3569,CI.u(95%).Total.SURVEY_LC1_2B4
   0.000,1186.782,CI.u(95%).Total.SURVEY_LC1_2B5
   0.00,1236.24,CI.u(95%).Total.SURVEY_LC1_2B7
  0.0000,207.5293,CI.u(95%).Total.SURVEY_LC1_2B8
10471.86,    0.00,CI.u(95%).Total.SURVEY_LC1_2Bx
  44.69261,9317.02481,CI.u(95%).Total.SURVEY_LC1_2C1
   20.36491,15819.12177,CI.u(95%).Total.SURVEY_LC1_2C2
   8.003645,8842.474585,CI.u(95%).Total.SURVEY_LC1_2C3
71.30001, 0.00000,CI.u(95%).Total.SURVEY_LC1_2Cx
  3.774488,315.169986,CI.u(95%).Total.SURVEY_LC1_2D1
  0.0000,360.3068,CI.u(95%).Total.SURVEY_LC1_2D2
   4.932407,2437.063957,CI.u(95%).Total.SURVEY_LC1_2E1
    4.155373,15410.650175,CI.u(95%).Total.SURVEY_LC1_2E2
   0.000,2261.067,CI.u(95%).Total.SURVEY_LC1_2E3
 0.00000,33.74744,CI.u(95%).Total.SURVEY_LC1_2F1
 0.00000,15.97422,CI.u(95%).Total.SURVEY_LC1_2F2
   0.000,2151.334,CI.u(95%).Total.SURVEY_LC1_2F4
  0.0000,773.3739,CI.u(95%).Total.SURVEY_LC1_2G1
  0.0000,228.2591,CI.u(95%).Total.SURVEY_LC1_2G2
  0.000,201.679,CI.u(95%).Total.SURVEY_LC1_2H1
10470.82,28614.63,CI.u(95%).Total.SURVEY_LU1_2U11
  121.5554,29043.1291,CI.u(95%).Total.SURVEY_LU1_2U12
  0.0000,443.9759,CI.u(95%).Total.SURVEY_LU1_2U13
  0.0000,235.7967,CI.u(95%).Total.SURVEY_LU1_2U14
 0.0000,12.1252,CI.u(95%).Total.SURVEY_LU1_2U15
  0.0000,238.2636,CI.u(95%).Total.SURVEY_LU1_2U21
  0.0000,344.7151,CI.u(95%).Total.SURVEY_LU1_2U22
   0.000,2352.022,CI.u(95%).Total.SURVEY_LU1_2U31
  0.0000,141.4074,CI.u(95%).Total.SURVEY_LU1_2U32
 0.00000,97.15104,CI.u(95%).Total.SURVEY_LU1_2U33
  0.0000,337.6391,CI.u(95%).Total.SURVEY_LU1_2U34
   9.149246,1140.863461,CI.u(95%).Total.SURVEY_LU1_2U35
  0.0000,950.1761,CI.u(95%).Total.SURVEY_LU1_2U36
   4.932407,3095.129051,CI.u(95%).Total.SURVEY_LU1_2U37
  0.0000,354.6573,CI.u(95%).Total.SURVEY_LU1_2U41
   3.774488,4201.450593,CI.u(95%).Total.SURVEY_LU1_2U42
   0.00,1611.39,CI.u(95%).Total.SURVEY_LC1_3A11
 0.00000,56.84938,CI.u(95%).Total.SURVEY_LC1_3A12
 0.00000,34.94213,CI.u(95%).Total.SURVEY_LC1_3A13
  0.0000,748.9392,CI.u(95%).Total.SURVEY_LC1_3A21
   0.000,1554.049,CI.u(95%).Total.SURVEY_LC1_3A22
  0.0000,253.6112,CI.u(95%).Total.SURVEY_LC1_3A30
   0.000,4048.455,CI.u(95%).Total.SURVEY_LC1_3B11
  0.0000,259.6083,CI.u(95%).Total.SURVEY_LC1_3B12
   0.000,1597.724,CI.u(95%).Total.SURVEY_LC1_3B13
  0.0000,409.3599,CI.u(95%).Total.SURVEY_LC1_3B14
  0.0000,393.4725,CI.u(95%).Total.SURVEY_LC1_3B15
   0.000,1744.643,CI.u(95%).Total.SURVEY_LC1_3B16
  0.0000,152.6442,CI.u(95%).Total.SURVEY_LC1_3B18
  0.0000,185.2456,CI.u(95%).Total.SURVEY_LC1_3B19
  0.0000,111.7491,CI.u(95%).Total.SURVEY_LC1_3B21
  0.0000,397.5786,CI.u(95%).Total.SURVEY_LC1_3B22
 0.00000,63.37183,CI.u(95%).Total.SURVEY_LC1_3B23
  0.0000,142.1156,CI.u(95%).Total.SURVEY_LC1_3B31
   0.000,2622.945,CI.u(95%).Total.SURVEY_LC1_3B32
  0.0000,144.0368,CI.u(95%).Total.SURVEY_LC1_3B33
  0.0000,343.9427,CI.u(95%).Total.SURVEY_LC1_3B35
  0.0000,127.2637,CI.u(95%).Total.SURVEY_LC1_3B37
  0.0000,332.7985,CI.u(95%).Total.SURVEY_LC1_3B41
0.000000,3.716902,CI.u(95%).Total.SURVEY_LC1_3B42
 0.00000,36.54661,CI.u(95%).Total.SURVEY_LC1_3B43
 0.00000,15.47726,CI.u(95%).Total.SURVEY_LC1_3B44
  0.000,547.443,CI.u(95%).Total.SURVEY_LC1_3B51
  0.0000,399.2075,CI.u(95%).Total.SURVEY_LC1_3B52
  0.0000,160.3566,CI.u(95%).Total.SURVEY_LC1_3B53
0.000000,4.674993,CI.u(95%).Total.SURVEY_LC1_3B54
  0.0000,190.7169,CI.u(95%).Total.SURVEY_LC1_3B55
  0.0000,581.9324,CI.u(95%).Total.SURVEY_LC1_3B71
 0.00000,27.67309,CI.u(95%).Total.SURVEY_LC1_3B72
  0.0000,177.4705,CI.u(95%).Total.SURVEY_LC1_3B73
  0.0000,250.5362,CI.u(95%).Total.SURVEY_LC1_3B74
  0.0000,299.8386,CI.u(95%).Total.SURVEY_LC1_3B75
  0.0000,182.6117,CI.u(95%).Total.SURVEY_LC1_3B82
0.000000,4.061038,CI.u(95%).Total.SURVEY_LC1_3B83
 0.00000,36.46985,CI.u(95%).Total.SURVEY_LC1_3B84
10225.63,    0.00,CI.u(95%).Total.SURVEY_LC1_3Bx1
298.0464,  0.0000,CI.u(95%).Total.SURVEY_LC1_3Bx2
   0.000,9317.025,CI.u(95%).Total.SURVEY_LC1_3C10
44.69261, 0.00000,CI.u(95%).Total.SURVEY_LC1_3C1x
    0.00,12207.65,CI.u(95%).Total.SURVEY_LC1_3C21
   0.000,1603.146,CI.u(95%).Total.SURVEY_LC1_3C22
   0.000,3983.771,CI.u(95%).Total.SURVEY_LC1_3C23
20.36491, 0.00000,CI.u(95%).Total.SURVEY_LC1_3C2x
   0.000,2513.243,CI.u(95%).Total.SURVEY_LC1_3C31
   0.000,2045.207,CI.u(95%).Total.SURVEY_LC1_3C32
   0.000,5645.479,CI.u(95%).Total.SURVEY_LC1_3C33
8.003645,0.000000,CI.u(95%).Total.SURVEY_LC1_3C3x
71.30001, 0.00000,CI.u(95%).Total.SURVEY_LC1_3Cxx
  0.00,315.17,CI.u(95%).Total.SURVEY_LC1_3D10
3.774488,0.000000,CI.u(95%).Total.SURVEY_LC1_3D1x
  0.0000,360.3068,CI.u(95%).Total.SURVEY_LC1_3D20
   0.000,2437.064,CI.u(95%).Total.SURVEY_LC1_3E10
4.932407,0.000000,CI.u(95%).Total.SURVEY_LC1_3E1x
    0.00,15410.65,CI.u(95%).Total.SURVEY_LC1_3E20
4.155373,0.000000,CI.u(95%).Total.SURVEY_LC1_3E2x
   0.000,2261.067,CI.u(95%).Total.SURVEY_LC1_3E30
 0.00000,33.74744,CI.u(95%).Total.SURVEY_LC1_3F10
 0.00000,15.97422,CI.u(95%).Total.SURVEY_LC1_3F20
   0.000,2151.334,CI.u(95%).Total.SURVEY_LC1_3F40
  0.0000,773.3739,CI.u(95%).Total.SURVEY_LC1_3G11
  0.0000,228.2591,CI.u(95%).Total.SURVEY_LC1_3G21
  0.0000,197.6287,CI.u(95%).Total.SURVEY_LC1_3H11
0.000000,4.050312,CI.u(95%).Total.SURVEY_LC1_3H12
10271.59,27774.15,CI.u(95%).Total.SURVEY_LU1_3U111
  0.0000,155.3006,CI.u(95%).Total.SURVEY_LU1_3U112
249.1063,844.2084,CI.u(95%).Total.SURVEY_LU1_3U113
  121.5554,29043.1291,CI.u(95%).Total.SURVEY_LU1_3U120
  0.0000,443.9759,CI.u(95%).Total.SURVEY_LU1_3U130
  0.0000,235.7967,CI.u(95%).Total.SURVEY_LU1_3U140
 0.0000,12.1252,CI.u(95%).Total.SURVEY_LU1_3U150
  0.0000,238.2636,CI.u(95%).Total.SURVEY_LU1_3U210
 0.00000,43.14526,CI.u(95%).Total.SURVEY_LU1_3U221
0.00000,7.15683,CI.u(95%).Total.SURVEY_LU1_3U222
 0.00000,41.65732,CI.u(95%).Total.SURVEY_LU1_3U223
  0.0000,137.1428,CI.u(95%).Total.SURVEY_LU1_3U224
 0.0000,12.4865,CI.u(95%).Total.SURVEY_LU1_3U225
  0.0000,133.5142,CI.u(95%).Total.SURVEY_LU1_3U226
 0.00000,32.32408,CI.u(95%).Total.SURVEY_LU1_3U227
 0.00000,23.32364,CI.u(95%).Total.SURVEY_LU1_3U228
  0.0000,148.7559,CI.u(95%).Total.SURVEY_LU1_3U311
   0.000,1711.487,CI.u(95%).Total.SURVEY_LU1_3U312
 0.00000,66.51225,CI.u(95%).Total.SURVEY_LU1_3U313
  0.0000,103.9048,CI.u(95%).Total.SURVEY_LU1_3U314
  0.000,206.991,CI.u(95%).Total.SURVEY_LU1_3U317
 0.00000,26.24306,CI.u(95%).Total.SURVEY_LU1_3U318
  0.0000,228.0581,CI.u(95%).Total.SURVEY_LU1_3U319
  0.0000,132.8644,CI.u(95%).Total.SURVEY_LU1_3U321
 0.00000,10.78155,CI.u(95%).Total.SURVEY_LU1_3U322
 0.00000,97.15104,CI.u(95%).Total.SURVEY_LU1_3U330
  0.0000,324.1059,CI.u(95%).Total.SURVEY_LU1_3U341
 0.00000,17.75337,CI.u(95%).Total.SURVEY_LU1_3U342
   9.149246,1140.863461,CI.u(95%).Total.SURVEY_LU1_3U350
  0.0000,592.1503,CI.u(95%).Total.SURVEY_LU1_3U361
  0.0000,400.6154,CI.u(95%).Total.SURVEY_LU1_3U362
   4.932407,3095.129051,CI.u(95%).Total.SURVEY_LU1_3U370
 0.00000,11.65755,CI.u(95%).Total.SURVEY_LU1_3U411
 0.00000,42.11397,CI.u(95%).Total.SURVEY_LU1_3U412
 0.00000,18.66036,CI.u(95%).Total.SURVEY_LU1_3U413
0.000000,8.683341,CI.u(95%).Total.SURVEY_LU1_3U414
  0.0000,302.7022,CI.u(95%).Total.SURVEY_LU1_3U415
   3.774488,4201.450593,CI.u(95%).Total.SURVEY_LU1_3U420
10552.64,62020.33,CI.u(95%).Total.settlement0
  14.08165,7540.39355,CI.u(95%).Total.settlement1
0.001300542,0.696409453,CI.u(95%).Total.settl_pc
10520.95,39631.97,CI.u(95%).Total.fao_class_name0
   69.15224,29303.29169,CI.u(95%).Total.fao_class_name1
   0.000,1066.414,CI.u(95%).Total.fao_class_name2
   0.000,1040.591,CI.u(95%).Total.fao_class_name3
10552.64,64392.04,CI.u(95%).Total.lue0
  14.08165,5160.87486,CI.u(95%).Total.lue1
10562.77,66137.91,CI.u(95%).Total.lud0
   0.000,3197.591,CI.u(95%).Total.lud1
0.015428849,0.003129132,CV.Total.area
NA,0.01837911,CV.Total.SURVEY_LC1_1A
0.01538545,0.01255346,CV.Total.SURVEY_LC1_1B
0.32188816,0.02002182,CV.Total.SURVEY_LC1_1C
0.00000000,0.04795214,CV.Total.SURVEY_LC1_1D
0.00000000,0.02951382,CV.Total.SURVEY_LC1_1E
NA,0.04270618,CV.Total.SURVEY_LC1_1F
NA,0.0006164178,CV.Total.SURVEY_LC1_1G
NA,0.07678703,CV.Total.SURVEY_LC1_1H
0.015448723,0.007449778,CV.Total.SURVEY_LU1_1U1
NA,0.1849513,CV.Total.SURVEY_LU1_1U2
0.20077939,0.02661039,CV.Total.SURVEY_LU1_1U3
0.00000000,0.07636244,CV.Total.SURVEY_LU1_1U4
NA,0.06280532,CV.Total.SURVEY_LC1_2A1
NA,0.0497467,CV.Total.SURVEY_LC1_2A2
NA,0.1007118,CV.Total.SURVEY_LC1_2A3
NA,0.01828709,CV.Total.SURVEY_LC1_2B1
NA,0.07673187,CV.Total.SURVEY_LC1_2B2
NA,0.03319599,CV.Total.SURVEY_LC1_2B3
NA,0.09039865,CV.Total.SURVEY_LC1_2B4
NA,0.0669895,CV.Total.SURVEY_LC1_2B5
NA,0.063891,CV.Total.SURVEY_LC1_2B7
NA,0.1219605,CV.Total.SURVEY_LC1_2B8
0.01538545,NA,CV.Total.SURVEY_LC1_2Bx
0.87765043,0.09300866,CV.Total.SURVEY_LC1_2C1
0.13346631,0.07745985,CV.Total.SURVEY_LC1_2C2
0.0000000,0.1192461,CV.Total.SURVEY_LC1_2C3
0.5610839,NA,CV.Total.SURVEY_LC1_2Cx
0.00000000,0.07377999,CV.Total.SURVEY_LC1_2D1
NA,0.06306496,CV.Total.SURVEY_LC1_2D2
0.0000000,0.1749064,CV.Total.SURVEY_LC1_2E1
0.00000000,0.02490155,CV.Total.SURVEY_LC1_2E2
NA,0.1592398,CV.Total.SURVEY_LC1_2E3
NA,  0,CV.Total.SURVEY_LC1_2F1
NA,  0,CV.Total.SURVEY_LC1_2F2
NA,0.04377789,CV.Total.SURVEY_LC1_2F4
NA,0.008690127,CV.Total.SURVEY_LC1_2G1
NA,0.03080134,CV.Total.SURVEY_LC1_2G2
NA,0.07678703,CV.Total.SURVEY_LC1_2H1
0.015385927,0.007065675,CV.Total.SURVEY_LU1_2U11
0.32188816,0.01362313,CV.Total.SURVEY_LU1_2U12
NA,0.01719144,CV.Total.SURVEY_LU1_2U13
NA,0.0345864,CV.Total.SURVEY_LU1_2U14
NA,  0,CV.Total.SURVEY_LU1_2U15
NA,0.490606,CV.Total.SURVEY_LU1_2U21
NA,0.1509734,CV.Total.SURVEY_LU1_2U22
NA,0.04711898,CV.Total.SURVEY_LU1_2U31
NA,0.06980571,CV.Total.SURVEY_LU1_2U32
NA,0.1505267,CV.Total.SURVEY_LU1_2U33
NA,0.1623889,CV.Total.SURVEY_LU1_2U34
0.3922323,0.2041621,CV.Total.SURVEY_LU1_2U35
NA,0.06691838,CV.Total.SURVEY_LU1_2U36
0.0000000,0.0383021,CV.Total.SURVEY_LU1_2U37
NA,0.1007585,CV.Total.SURVEY_LU1_2U41
0.00000000,0.08226842,CV.Total.SURVEY_LU1_2U42
NA,0.06479128,CV.Total.SURVEY_LC1_3A11
NA,0.5132082,CV.Total.SURVEY_LC1_3A12
NA,0.3211901,CV.Total.SURVEY_LC1_3A13
NA,0.1148129,CV.Total.SURVEY_LC1_3A21
NA,0.06073239,CV.Total.SURVEY_LC1_3A22
NA,0.1007118,CV.Total.SURVEY_LC1_3A30
NA,0.02932293,CV.Total.SURVEY_LC1_3B11
NA,0.1205185,CV.Total.SURVEY_LC1_3B12
NA,0.04906357,CV.Total.SURVEY_LC1_3B13
NA,0.1232825,CV.Total.SURVEY_LC1_3B14
NA,0.1211674,CV.Total.SURVEY_LC1_3B15
NA,0.0441956,CV.Total.SURVEY_LC1_3B16
NA,0.1736063,CV.Total.SURVEY_LC1_3B18
NA,0.187525,CV.Total.SURVEY_LC1_3B19
NA,0.1025123,CV.Total.SURVEY_LC1_3B21
NA,0.1014182,CV.Total.SURVEY_LC1_3B22
NA,0.2029661,CV.Total.SURVEY_LC1_3B23
NA,0.1676138,CV.Total.SURVEY_LC1_3B31
NA,0.03764002,CV.Total.SURVEY_LC1_3B32
NA,0.1298311,CV.Total.SURVEY_LC1_3B33
NA,0.130976,CV.Total.SURVEY_LC1_3B35
NA,0.1781693,CV.Total.SURVEY_LC1_3B37
NA,0.1023646,CV.Total.SURVEY_LC1_3B41
NA,  0,CV.Total.SURVEY_LC1_3B42
NA,0.1465859,CV.Total.SURVEY_LC1_3B43
NA,0.3150872,CV.Total.SURVEY_LC1_3B44
NA,0.1261845,CV.Total.SURVEY_LC1_3B51
NA,0.1019576,CV.Total.SURVEY_LC1_3B52
NA,0.1744303,CV.Total.SURVEY_LC1_3B53
NA,0.06757374,CV.Total.SURVEY_LC1_3B54
NA,0.1224677,CV.Total.SURVEY_LC1_3B55
NA,0.102817,CV.Total.SURVEY_LC1_3B71
NA,  0,CV.Total.SURVEY_LC1_3B72
NA,0.06205165,CV.Total.SURVEY_LC1_3B73
NA,0.2943227,CV.Total.SURVEY_LC1_3B74
NA,0.0573369,CV.Total.SURVEY_LC1_3B75
NA,0.1127238,CV.Total.SURVEY_LC1_3B82
NA,  0,CV.Total.SURVEY_LC1_3B83
NA,0.8319181,CV.Total.SURVEY_LC1_3B84
0.01549112,NA,CV.Total.SURVEY_LC1_3Bx1
0.1207236,NA,CV.Total.SURVEY_LC1_3Bx2
NA,0.09300866,CV.Total.SURVEY_LC1_3C10
0.8776504,NA,CV.Total.SURVEY_LC1_3C1x
NA,0.1011608,CV.Total.SURVEY_LC1_3C21
NA,0.4330544,CV.Total.SURVEY_LC1_3C22
NA,0.2484407,CV.Total.SURVEY_LC1_3C23
0.1334663,NA,CV.Total.SURVEY_LC1_3C2x
NA,0.2668778,CV.Total.SURVEY_LC1_3C31
NA,0.3232926,CV.Total.SURVEY_LC1_3C32
NA,0.1650977,CV.Total.SURVEY_LC1_3C33
  0,NA,CV.Total.SURVEY_LC1_3C3x
0.5610839,NA,CV.Total.SURVEY_LC1_3Cxx
NA,0.07377999,CV.Total.SURVEY_LC1_3D10
  0,NA,CV.Total.SURVEY_LC1_3D1x
NA,0.06306496,CV.Total.SURVEY_LC1_3D20
NA,0.1749064,CV.Total.SURVEY_LC1_3E10
  0,NA,CV.Total.SURVEY_LC1_3E1x
NA,0.02490155,CV.Total.SURVEY_LC1_3E20
  0,NA,CV.Total.SURVEY_LC1_3E2x
NA,0.1592398,CV.Total.SURVEY_LC1_3E30
NA,  0,CV.Total.SURVEY_LC1_3F10
NA,  0,CV.Total.SURVEY_LC1_3F20
NA,0.04377789,CV.Total.SURVEY_LC1_3F40
NA,0.008690127,CV.Total.SURVEY_LC1_3G11
NA,0.03080134,CV.Total.SURVEY_LC1_3G21
NA,0.07860319,CV.Total.SURVEY_LC1_3H11
NA,  0,CV.Total.SURVEY_LC1_3H12
0.01545922,0.00719641,CV.Total.SURVEY_LU1_3U111
NA,0.1535041,CV.Total.SURVEY_LU1_3U112
0.14226099,0.09090156,CV.Total.SURVEY_LU1_3U113
0.32188816,0.01362313,CV.Total.SURVEY_LU1_3U120
NA,0.01719144,CV.Total.SURVEY_LU1_3U130
NA,0.0345864,CV.Total.SURVEY_LU1_3U140
NA,  0,CV.Total.SURVEY_LU1_3U150
NA,0.490606,CV.Total.SURVEY_LU1_3U210
NA,0.33929,CV.Total.SURVEY_LU1_3U221
NA,0.3162278,CV.Total.SURVEY_LU1_3U222
NA,0.3193231,CV.Total.SURVEY_LU1_3U223
NA,0.4263728,CV.Total.SURVEY_LU1_3U224
NA,0.1689557,CV.Total.SURVEY_LU1_3U225
NA,0.2208773,CV.Total.SURVEY_LU1_3U226
NA,0.1939208,CV.Total.SURVEY_LU1_3U227
NA,0.7608859,CV.Total.SURVEY_LU1_3U228
NA,0.1290118,CV.Total.SURVEY_LU1_3U311
NA,0.0621304,CV.Total.SURVEY_LU1_3U312
NA,  0,CV.Total.SURVEY_LU1_3U313
NA,0.1129939,CV.Total.SURVEY_LU1_3U314
NA,0.1956475,CV.Total.SURVEY_LU1_3U317
NA,0.1200747,CV.Total.SURVEY_LU1_3U318
NA,0.1143531,CV.Total.SURVEY_LU1_3U319
NA,0.07408841,CV.Total.SURVEY_LU1_3U321
NA,0.1468858,CV.Total.SURVEY_LU1_3U322
NA,0.1505267,CV.Total.SURVEY_LU1_3U330
NA,0.1712202,CV.Total.SURVEY_LU1_3U341
NA,0.1631403,CV.Total.SURVEY_LU1_3U342
0.3922323,0.2041621,CV.Total.SURVEY_LU1_3U350
NA,0.05783247,CV.Total.SURVEY_LU1_3U361
NA,0.1531204,CV.Total.SURVEY_LU1_3U362
0.0000000,0.0383021,CV.Total.SURVEY_LU1_3U370
NA,  0,CV.Total.SURVEY_LU1_3U411
NA,0.6838803,CV.Total.SURVEY_LU1_3U412
NA,0.7024901,CV.Total.SURVEY_LU1_3U413
NA,0.03428472,CV.Total.SURVEY_LU1_3U414
NA,0.1062519,CV.Total.SURVEY_LU1_3U415
0.00000000,0.08226842,CV.Total.SURVEY_LU1_3U420
0.015443030,0.004696313,CV.Total.settlement0
0.20077939,0.02683566,CV.Total.settlement1
0.20077939,0.02683566,CV.Total.settl_pc
0.01542813,0.01108620,CV.Total.fao_class_name0
0.35932443,0.01781107,CV.Total.fao_class_name1
NA,0.4097392,CV.Total.fao_class_name2
NA,0.0650979,CV.Total.fao_class_name3
0.01544303,0.00450596,CV.Total.lue0
0.2007794,0.0395111,CV.Total.lue1
0.015428849,0.003733934,CV.Total.lud0
NA,0.04079019,CV.Total.lud1
